,index,index.1,TimeStamp (sec), Horizontal (meters), Cadence (stokes/min), HRCur (bpm), longitude, latitude, Stroke500mPace (sec/500m), Power (watts), DragFactor, DriveLength (meters), StrokeDistance (meters), DriveTime (ms), StrokeRecoveryTime (ms), AverageDriveForce (lbs), PeakDriveForce (lbs), lapIdx, WorkoutState, ElapsedTime (sec),cum_dist, AverageBoatSpeed (m/s), AverageDriveForce (N), PeakDriveForce (N), Calories (kCal), Stroke Number,driveenergy,hr_ut2,hr_ut1,hr_at,hr_tr,hr_an,hr_max,lim_ut2,lim_ut1,lim_at,lim_tr,lim_an,lim_max,pw_ut2,pw_ut1,pw_at,pw_tr,pw_an,pw_max,limpw_ut2,limpw_ut1,limpw_at,limpw_tr,limpw_an,originalvelo
0,0,0,1731007287.6,7.4,0.0,0.0,0.0,0.0,303.7324319301672,14.101287169388804,0.0,0.0,0.0,0.0,0.0,0.0,0.0,0.0,4.0,0.0,7.4,1.7140898183064792,0.0,0.0,1.0,0,inf,0.0,0.0,0.0,0.0,0.0,0.0,142,146,160,167,180,192,14.101287169388804,0.0,0.0,0.0,0.0,0.0,124.30000000000001,169.5,203.4,237.3,271.2,1.7140898183064792
1,1,1,1731007290.6,14.4,19.0,0.0,0.0,0.0,240.12543155351173,20.05201999986367,0.0,0.0,0.0,0.0,0.0,0.0,0.0,0.0,4.0,3.0,14.4,1.927525057825752,0.0,0.0,1.0,0,63.32216842062212,0.0,0.0,0.0,0.0,0.0,0.0,142,146,160,167,180,192,20.05201999986367,0.0,0.0,0.0,0.0,0.0,124.30000000000001,169.5,203.4,237.3,271.2,1.927525057825752
2,2,2,1731007293.6,22.8,20.0,129.0,0.0,0.0,209.08567540016412,38.28299845811471,0.0,0.0,0.0,0.0,0.0,0.0,0.0,0.0,4.0,6.0,22.8,2.391200382592061,0.0,0.0,1.0,1,114.84899537434414,129.0,0.0,0.0,0.0,0.0,0.0,142,146,160,167,180,192,38.28299845811471,0.0,0.0,0.0,0.0,0.0,124.30000000000001,169.5,203.4,237.3,271.2,2.391200382592061
3,3,3,1731007296.6,30.5,20.0,129.0,0.0,0.0,194.5822261078764,58.82927067399343,0.0,0.0,0.0,0.0,0.0,0.0,0.0,0.0,4.0,9.0,30.5,2.7593818984547465,0.0,0.0,1.0,2,176.4878120219803,129.0,0.0,0.0,0.0,0.0,0.0,142,146,160,167,180,192,58.82927067399343,0.0,0.0,0.0,0.0,0.0,124.30000000000001,169.5,203.4,237.3,271.2,2.7593818984547465
4,4,4,1731007299.6,38.0,20.0,129.0,0.0,0.0,191.7796352293988,47.714419284706736,0.0,0.0,0.0,0.0,0.0,0.0,0.0,0.0,4.0,12.0,38.0,2.573340195573855,0.0,0.0,1.0,3,143.1432578541202,129.0,0.0,0.0,0.0,0.0,0.0,142,146,160,167,180,192,47.714419284706736,0.0,0.0,0.0,0.0,0.0,124.30000000000001,169.5,203.4,237.3,271.2,2.573340195573855
5,5,5,1731007303.1,46.5,20.0,128.0,0.0,0.0,201.9267535482551,38.44824858358584,0.0,0.0,0.0,0.0,0.0,0.0,0.0,0.0,4.0,15.5,46.5,2.3946360153256703,0.0,0.0,1.0,5,115.34474575075751,128.0,0.0,0.0,0.0,0.0,0.0,142,146,160,167,180,192,38.44824858358584,0.0,0.0,0.0,0.0,0.0,124.30000000000001,169.5,203.4,237.3,271.2,2.3946360153256703
6,6,6,1731007306.1,53.5,20.0,128.0,0.0,0.0,214.24226318672487,35.86364920227784,0.0,0.0,0.0,0.0,0.0,0.0,0.0,0.0,4.0,18.5,53.5,2.339728591483388,0.0,0.0,1.0,6,107.59094760683351,128.0,0.0,0.0,0.0,0.0,0.0,142,146,160,167,180,192,35.86364920227784,0.0,0.0,0.0,0.0,0.0,124.30000000000001,169.5,203.4,237.3,271.2,2.339728591483388
7,7,7,1731007309.1,60.3,19.0,128.0,0.0,0.0,220.4170093448953,32.425839095018915,0.0,0.0,0.0,0.0,0.0,0.0,0.0,0.0,4.0,21.5,60.3,2.262443438914027,0.0,0.0,1.0,7,102.39738661584921,128.0,0.0,0.0,0.0,0.0,0.0,142,146,160,167,180,192,32.425839095018915,0.0,0.0,0.0,0.0,0.0,124.30000000000001,169.5,203.4,237.3,271.2,2.262443438914027
8,8,8,1731007312.1,67.0,19.0,128.0,0.0,0.0,224.60319809228076,32.425839095018915,0.0,0.0,0.0,0.0,0.0,0.0,0.0,0.0,4.0,24.5,67.0,2.262443438914027,0.0,0.0,1.0,8,102.39738661584921,128.0,0.0,0.0,0.0,0.0,0.0,142,146,160,167,180,192,32.425839095018915,0.0,0.0,0.0,0.0,0.0,124.30000000000001,169.5,203.4,237.3,271.2,2.262443438914027
9,9,9,1731007315.6,74.60000000000001,18.0,127.0,0.0,0.0,229.9373677371732,27.812428585033818,0.0,0.0,0.0,0.0,0.0,0.0,0.0,0.0,4.0,28.0,74.60000000000001,2.149613069647464,0.0,0.0,1.0,9,92.70809528344606,127.0,0.0,0.0,0.0,0.0,0.0,142,146,160,167,180,192,27.812428585033818,0.0,0.0,0.0,0.0,0.0,124.30000000000001,169.5,203.4,237.3,271.2,2.149613069647464
10,10,10,1731007318.6,80.9,18.0,126.0,0.0,0.0,232.89121779291912,27.812428585033818,0.0,0.0,0.0,0.0,0.0,0.0,0.0,0.0,4.0,31.0,80.9,2.149613069647464,0.0,0.0,1.0,9,92.70809528344606,126.0,0.0,0.0,0.0,0.0,0.0,142,146,160,167,180,192,27.812428585033818,0.0,0.0,0.0,0.0,0.0,124.30000000000001,169.5,203.4,237.3,271.2,2.149613069647464
11,11,11,1731007322.1,88.4,19.0,126.0,0.0,0.0,234.90961108351365,26.66147803021397,0.0,0.0,0.0,0.0,0.0,0.0,0.0,0.0,4.0,34.5,88.4,2.11954217888936,0.0,0.0,1.0,11,84.19414114804412,126.0,0.0,0.0,0.0,0.0,0.0,142,146,160,167,180,192,26.66147803021397,0.0,0.0,0.0,0.0,0.0,124.30000000000001,169.5,203.4,237.3,271.2,2.11954217888936
12,12,12,1731007325.1,94.9,19.0,125.0,0.0,0.0,232.0931079557819,28.24736752144916,0.0,0.0,0.0,0.0,0.0,0.0,0.0,0.0,4.0,37.5,94.9,2.16076058772688,0.0,0.0,1.0,12,89.20221322562892,125.0,0.0,0.0,0.0,0.0,0.0,142,146,160,167,180,192,28.24736752144916,0.0,0.0,0.0,0.0,0.0,124.30000000000001,169.5,203.4,237.3,271.2,2.16076058772688
13,13,13,1731007328.1,101.5,19.0,124.0,0.0,0.0,229.70617972216556,28.24736752144916,0.0,0.0,0.0,0.0,0.0,0.0,0.0,0.0,4.0,40.5,101.5,2.16076058772688,0.0,0.0,1.0,12,89.20221322562892,124.0,0.0,0.0,0.0,0.0,0.0,142,146,160,167,180,192,28.24736752144916,0.0,0.0,0.0,0.0,0.0,124.30000000000001,169.5,203.4,237.3,271.2,2.16076058772688
14,14,14,1731007331.1,108.0,20.0,124.0,0.0,0.0,229.29509601282365,29.9615692992005,0.0,0.0,0.0,0.0,0.0,0.0,0.0,0.0,4.0,43.5,108.0,2.203613926840017,0.0,0.0,1.0,13,89.8847078976015,124.0,0.0,0.0,0.0,0.0,0.0,142,146,160,167,180,192,29.9615692992005,0.0,0.0,0.0,0.0,0.0,124.30000000000001,169.5,203.4,237.3,271.2,2.203613926840017
15,15,15,1731007334.6,115.3,18.0,122.0,0.0,0.0,233.30743795218547,28.35751744428221,0.0,0.0,0.0,0.0,0.0,0.0,0.0,0.0,4.0,47.0,115.3,2.163565556036348,0.0,0.0,1.0,15,94.52505814760735,122.0,0.0,0.0,0.0,0.0,0.0,142,146,160,167,180,192,28.35751744428221,0.0,0.0,0.0,0.0,0.0,124.30000000000001,169.5,203.4,237.3,271.2,2.163565556036348
16,16,16,1731007337.6,121.4,18.0,122.0,0.0,0.0,240.02916947020503,25.035579261608216,0.0,0.0,0.0,0.0,0.0,0.0,0.0,0.0,4.0,50.0,121.4,2.0755500207555,0.0,0.0,1.0,15,83.45193087202739,122.0,0.0,0.0,0.0,0.0,0.0,142,146,160,167,180,192,25.035579261608216,0.0,0.0,0.0,0.0,0.0,124.30000000000001,169.5,203.4,237.3,271.2,2.0755500207555
17,17,17,1731007341.1,128.6,19.0,123.0,0.0,0.0,244.24676427258828,23.22614775824872,0.0,0.0,0.0,0.0,0.0,0.0,0.0,0.0,4.0,53.5,128.6,2.0242914979757085,0.0,0.0,1.0,17,73.3457297628907,123.0,0.0,0.0,0.0,0.0,0.0,142,146,160,167,180,192,23.22614775824872,0.0,0.0,0.0,0.0,0.0,124.30000000000001,169.5,203.4,237.3,271.2,2.0242914979757085
18,18,18,1731007344.1,134.70000000000002,19.0,123.0,0.0,0.0,244.4262247590412,23.22614775824872,0.0,0.0,0.0,0.0,0.0,0.0,0.0,0.0,4.0,56.5,134.70000000000002,2.0242914979757085,0.0,0.0,1.0,17,73.3457297628907,123.0,0.0,0.0,0.0,0.0,0.0,142,146,160,167,180,192,23.22614775824872,0.0,0.0,0.0,0.0,0.0,124.30000000000001,169.5,203.4,237.3,271.2,2.0242914979757085
19,19,19,1731007347.6,142.20000000000002,18.0,123.0,0.0,0.0,238.3276152499108,27.31621184393484,0.0,0.0,0.0,0.0,0.0,0.0,0.0,0.0,4.0,60.0,142.20000000000002,2.1367521367521367,0.0,0.0,1.0,19,91.0540394797828,123.0,0.0,0.0,0.0,0.0,0.0,142,146,160,167,180,192,27.31621184393484,0.0,0.0,0.0,0.0,0.0,124.30000000000001,169.5,203.4,237.3,271.2,2.1367521367521367
20,20,20,1731007350.6,148.8,18.0,121.0,0.0,0.0,230.6300512148766,27.31621184393484,0.0,0.0,0.0,0.0,0.0,0.0,0.0,0.0,4.0,63.0,148.8,2.1367521367521367,0.0,0.0,1.0,19,91.0540394797828,121.0,0.0,0.0,0.0,0.0,0.0,142,146,160,167,180,192,27.31621184393484,0.0,0.0,0.0,0.0,0.0,124.30000000000001,169.5,203.4,237.3,271.2,2.1367521367521367
21,21,21,1731007354.1,156.8,19.0,121.0,0.0,0.0,226.0483773187717,31.646266776637216,0.0,0.0,0.0,0.0,0.0,0.0,0.0,0.0,4.0,66.5,156.8,2.244165170556553,0.0,0.0,1.0,21,99.93557929464384,121.0,0.0,0.0,0.0,0.0,0.0,142,146,160,167,180,192,31.646266776637216,0.0,0.0,0.0,0.0,0.0,124.30000000000001,169.5,203.4,237.3,271.2,2.244165170556553
22,22,22,1731007357.1,163.60000000000002,19.0,121.0,0.0,0.0,224.40455863754215,32.33796424019278,0.0,0.0,0.0,0.0,0.0,0.0,0.0,0.0,4.0,69.5,163.60000000000002,2.260397830018084,0.0,0.0,1.0,21,102.119887074293,121.0,0.0,0.0,0.0,0.0,0.0,142,146,160,167,180,192,32.33796424019278,0.0,0.0,0.0,0.0,0.0,124.30000000000001,169.5,203.4,237.3,271.2,2.260397830018084
23,23,23,1731007360.1,170.70000000000002,19.0,121.0,0.0,0.0,216.1104674212515,32.33796424019278,0.0,0.0,0.0,0.0,0.0,0.0,0.0,0.0,4.0,72.5,170.70000000000002,2.260397830018084,0.0,0.0,1.0,22,102.119887074293,121.0,0.0,0.0,0.0,0.0,0.0,142,146,160,167,180,192,32.33796424019278,0.0,0.0,0.0,0.0,0.0,124.30000000000001,169.5,203.4,237.3,271.2,2.260397830018084
24,24,24,1731007363.1,178.10000000000002,19.0,121.0,0.0,0.0,203.65373466451567,38.33797642740228,0.0,0.0,0.0,0.0,0.0,0.0,0.0,0.0,4.0,75.5,178.10000000000002,2.392344497607656,0.0,0.0,1.0,23,121.06729398127037,121.0,0.0,0.0,0.0,0.0,0.0,142,146,160,167,180,192,38.33797642740228,0.0,0.0,0.0,0.0,0.0,124.30000000000001,169.5,203.4,237.3,271.2,2.392344497607656
25,25,25,1731007366.6,187.7,20.0,121.0,0.0,0.0,190.95507267645328,54.30363792664261,0.0,0.0,0.0,0.0,0.0,0.0,0.0,0.0,4.0,79.0,187.7,2.686727565824825,0.0,0.0,1.0,25,162.91091377992782,121.0,0.0,0.0,0.0,0.0,0.0,142,146,160,167,180,192,54.30363792664261,0.0,0.0,0.0,0.0,0.0,124.30000000000001,169.5,203.4,237.3,271.2,2.686727565824825
26,26,26,1731007369.6,196.2,20.0,121.0,0.0,0.0,178.96365919973957,63.87208709255002,0.0,0.0,0.0,0.0,0.0,0.0,0.0,0.0,4.0,82.0,196.2,2.8360748723766305,0.0,0.0,1.0,26,191.61626127765004,121.0,0.0,0.0,0.0,0.0,0.0,142,146,160,167,180,192,63.87208709255002,0.0,0.0,0.0,0.0,0.0,124.30000000000001,169.5,203.4,237.3,271.2,2.8360748723766305
27,27,27,1731007372.1,203.6,20.0,121.0,0.0,0.0,171.37516501631114,63.87208709255002,0.0,0.0,0.0,0.0,0.0,0.0,0.0,0.0,4.0,84.5,203.6,2.8360748723766305,0.0,0.0,1.0,26,191.61626127765004,121.0,0.0,0.0,0.0,0.0,0.0,142,146,160,167,180,192,63.87208709255002,0.0,0.0,0.0,0.0,0.0,124.30000000000001,169.5,203.4,237.3,271.2,2.8360748723766305
28,28,28,1731007375.1,212.6,21.0,121.0,0.0,0.0,170.5059487151781,74.07849915518085,0.0,0.0,0.0,0.0,0.0,0.0,0.0,0.0,4.0,87.5,212.6,2.9797377830750893,0.0,0.0,1.0,27,211.65285472908812,121.0,0.0,0.0,0.0,0.0,0.0,142,146,160,167,180,192,74.07849915518085,0.0,0.0,0.0,0.0,0.0,124.30000000000001,169.5,203.4,237.3,271.2,2.9797377830750893
29,29,29,1731007378.1,221.0,20.0,122.0,0.0,0.0,171.6230392684118,72.38310709388985,0.0,0.0,0.0,0.0,0.0,0.0,0.0,0.0,4.0,90.5,221.0,2.9568302779420463,0.0,0.0,1.0,28,217.14932128166956,122.0,0.0,0.0,0.0,0.0,0.0,142,146,160,167,180,192,72.38310709388985,0.0,0.0,0.0,0.0,0.0,124.30000000000001,169.5,203.4,237.3,271.2,2.9568302779420463
30,30,30,1731007381.1,229.5,20.0,122.0,0.0,0.0,174.0466432601804,62.26912662727781,0.0,0.0,0.0,0.0,0.0,0.0,0.0,0.0,4.0,93.5,229.5,2.81214848143982,0.0,0.0,1.0,29,186.8073798818334,122.0,0.0,0.0,0.0,0.0,0.0,142,146,160,167,180,192,62.26912662727781,0.0,0.0,0.0,0.0,0.0,124.30000000000001,169.5,203.4,237.3,271.2,2.81214848143982
31,31,31,1731007384.1,237.7,21.0,124.0,0.0,0.0,179.28559787998955,61.64296135277418,0.0,0.0,0.0,0.0,0.0,0.0,0.0,0.0,4.0,96.5,237.7,2.802690582959641,0.0,0.0,1.0,30,176.12274672221196,124.0,0.0,0.0,0.0,0.0,0.0,142,146,160,167,180,192,61.64296135277418,0.0,0.0,0.0,0.0,0.0,124.30000000000001,169.5,203.4,237.3,271.2,2.802690582959641
32,32,32,1731007387.1,245.9,20.0,124.0,0.0,0.0,181.9931114924706,58.63490099439336,0.0,0.0,0.0,0.0,0.0,0.0,0.0,0.0,4.0,99.5,245.9,2.7563395810363835,0.0,0.0,1.0,31,175.9047029831801,124.0,0.0,0.0,0.0,0.0,0.0,142,146,160,167,180,192,58.63490099439336,0.0,0.0,0.0,0.0,0.0,124.30000000000001,169.5,203.4,237.3,271.2,2.7563395810363835
33,33,33,1731007390.6,255.6,20.0,124.0,0.0,0.0,181.6554018776783,56.6447727202335,0.0,0.0,0.0,0.0,0.0,0.0,0.0,0.0,4.0,103.0,255.6,2.7247956403269757,0.0,0.0,1.0,33,169.93431816070049,124.0,0.0,0.0,0.0,0.0,0.0,142,146,160,167,180,192,56.6447727202335,0.0,0.0,0.0,0.0,0.0,124.30000000000001,169.5,203.4,237.3,271.2,2.7247956403269757
34,34,34,1731007393.6,263.90000000000003,20.0,124.0,0.0,0.0,181.0172669098983,59.8141154205792,0.0,0.0,0.0,0.0,0.0,0.0,0.0,0.0,4.0,106.0,263.90000000000003,2.774694783573807,0.0,0.0,1.0,34,179.44234626173758,124.0,0.0,0.0,0.0,0.0,0.0,142,146,160,167,180,192,59.8141154205792,0.0,0.0,0.0,0.0,0.0,124.30000000000001,169.5,203.4,237.3,271.2,2.774694783573807
35,35,35,1731007396.6,272.40000000000003,21.0,124.0,0.0,0.0,178.768571996593,61.85074644117415,0.0,0.0,0.0,0.0,0.0,0.0,0.0,0.0,4.0,109.0,272.40000000000003,2.8058361391694726,0.0,0.0,1.0,35,176.71641840335474,124.0,0.0,0.0,0.0,0.0,0.0,142,146,160,167,180,192,61.85074644117415,0.0,0.0,0.0,0.0,0.0,124.30000000000001,169.5,203.4,237.3,271.2,2.8058361391694726
36,36,36,1731007399.6,280.90000000000003,20.0,125.0,0.0,0.0,176.4883518307444,63.43930198266743,0.0,0.0,0.0,0.0,0.0,0.0,0.0,0.0,4.0,112.0,280.90000000000003,2.829654782116582,0.0,0.0,1.0,36,190.3179059480023,125.0,0.0,0.0,0.0,0.0,0.0,142,146,160,167,180,192,63.43930198266743,0.0,0.0,0.0,0.0,0.0,124.30000000000001,169.5,203.4,237.3,271.2,2.829654782116582
37,37,37,1731007402.6,289.5,20.0,125.0,0.0,0.0,173.1846029325784,66.66819975588953,0.0,0.0,0.0,0.0,0.0,0.0,0.0,0.0,4.0,115.0,289.5,2.87686996547756,0.0,0.0,1.0,37,200.0045992676686,125.0,0.0,0.0,0.0,0.0,0.0,142,146,160,167,180,192,66.66819975588953,0.0,0.0,0.0,0.0,0.0,124.30000000000001,169.5,203.4,237.3,271.2,2.87686996547756
38,38,38,1731007405.6,298.3,20.0,125.0,0.0,0.0,170.69443920264283,69.14442332071556,0.0,0.0,0.0,0.0,0.0,0.0,0.0,0.0,4.0,118.0,298.3,2.9120559114735003,0.0,0.0,1.0,38,207.43326996214668,125.0,0.0,0.0,0.0,0.0,0.0,142,146,160,167,180,192,69.14442332071556,0.0,0.0,0.0,0.0,0.0,124.30000000000001,169.5,203.4,237.3,271.2,2.9120559114735003
39,39,39,1731007408.6,307.40000000000003,20.0,125.0,0.0,0.0,169.7070847944699,76.37639348208911,0.0,0.0,0.0,0.0,0.0,0.0,0.0,0.0,4.0,121.0,307.40000000000003,3.0102347983142685,0.0,0.0,1.0,39,229.12918044626736,125.0,0.0,0.0,0.0,0.0,0.0,142,146,160,167,180,192,76.37639348208911,0.0,0.0,0.0,0.0,0.0,124.30000000000001,169.5,203.4,237.3,271.2,3.0102347983142685
40,40,40,1731007411.6,316.20000000000005,20.0,125.0,0.0,0.0,169.3853287443015,70.36674807112274,0.0,0.0,0.0,0.0,0.0,0.0,0.0,0.0,4.0,124.0,316.20000000000005,2.9291154071470418,0.0,0.0,1.0,40,211.1002442133682,125.0,0.0,0.0,0.0,0.0,0.0,142,146,160,167,180,192,70.36674807112274,0.0,0.0,0.0,0.0,0.0,124.30000000000001,169.5,203.4,237.3,271.2,2.9291154071470418
41,41,41,1731007414.1,323.6,20.0,125.0,0.0,0.0,168.49269400385015,70.36674807112274,0.0,0.0,0.0,0.0,0.0,0.0,0.0,0.0,4.0,126.5,323.6,2.9291154071470418,0.0,0.0,1.0,41,211.1002442133682,125.0,0.0,0.0,0.0,0.0,0.0,142,146,160,167,180,192,70.36674807112274,0.0,0.0,0.0,0.0,0.0,124.30000000000001,169.5,203.4,237.3,271.2,2.9291154071470418
42,42,42,1731007417.1999998,332.90000000000003,21.0,125.0,0.0,0.0,166.75705471911996,75.82725435713557,0.0,0.0,0.0,0.0,0.0,0.0,0.0,0.0,4.0,129.59999990463257,332.90000000000003,3.003003003003003,0.0,0.0,1.0,42,216.64929816324448,125.0,0.0,0.0,0.0,0.0,0.0,142,146,160,167,180,192,75.82725435713557,0.0,0.0,0.0,0.0,0.0,124.30000000000001,169.5,203.4,237.3,271.2,3.003003003003003
43,43,43,1731007420.1999998,342.20000000000005,20.0,125.0,0.0,0.0,161.7524327426552,81.11568549603187,0.0,0.0,0.0,0.0,0.0,0.0,0.0,0.0,4.0,132.59999990463257,342.20000000000005,3.071253071253071,0.0,0.0,1.0,43,243.34705648809563,125.0,0.0,0.0,0.0,0.0,0.0,142,146,160,167,180,192,81.11568549603187,0.0,0.0,0.0,0.0,0.0,124.30000000000001,169.5,203.4,237.3,271.2,3.071253071253071
44,44,44,1731007423.1999998,351.5,20.0,126.0,0.0,0.0,163.28117052652246,83.3997871375795,0.0,0.0,0.0,0.0,0.0,0.0,0.0,0.0,4.0,135.59999990463257,351.5,3.09981401115933,0.0,0.0,1.0,44,250.19936141273848,126.0,0.0,0.0,0.0,0.0,0.0,142,146,160,167,180,192,83.3997871375795,0.0,0.0,0.0,0.0,0.0,124.30000000000001,169.5,203.4,237.3,271.2,3.09981401115933
45,45,45,1731007426.1,360.1,20.0,126.0,0.0,0.0,169.71281915129666,80.37287249874824,0.0,0.0,0.0,0.0,0.0,0.0,0.0,0.0,4.0,138.5,360.1,3.061849357011635,0.0,0.0,1.0,45,241.11861749624472,126.0,0.0,0.0,0.0,0.0,0.0,142,146,160,167,180,192,80.37287249874824,0.0,0.0,0.0,0.0,0.0,124.30000000000001,169.5,203.4,237.3,271.2,3.061849357011635
46,46,46,1731007429.6,369.5,19.0,126.0,0.0,0.0,178.88423843584368,52.58981677284263,0.0,0.0,0.0,0.0,0.0,0.0,0.0,0.0,4.0,142.0,369.5,2.658160552897395,0.0,0.0,1.0,46,166.0731055984504,126.0,0.0,0.0,0.0,0.0,0.0,142,146,160,167,180,192,52.58981677284263,0.0,0.0,0.0,0.0,0.0,124.30000000000001,169.5,203.4,237.3,271.2,2.658160552897395
47,47,47,1731007432.6,377.4,19.0,126.0,0.0,0.0,187.656139003547,52.58981677284263,0.0,0.0,0.0,0.0,0.0,0.0,0.0,0.0,4.0,145.0,377.4,2.658160552897395,0.0,0.0,1.0,47,166.0731055984504,126.0,0.0,0.0,0.0,0.0,0.0,142,146,160,167,180,192,52.58981677284263,0.0,0.0,0.0,0.0,0.0,124.30000000000001,169.5,203.4,237.3,271.2,2.658160552897395
48,48,48,1731007436.1999998,386.7000000000001,18.0,127.0,0.0,0.0,190.76422154563517,51.92448174763369,0.0,0.0,0.0,0.0,0.0,0.0,0.0,0.0,4.0,148.59999990463257,386.7000000000001,2.6469031233456857,0.0,0.0,1.0,48,173.08160582544565,127.0,0.0,0.0,0.0,0.0,0.0,142,146,160,167,180,192,51.92448174763369,0.0,0.0,0.0,0.0,0.0,124.30000000000001,169.5,203.4,237.3,271.2,2.6469031233456857
49,49,49,1731007439.1,394.7000000000001,20.0,126.0,0.0,0.0,186.7872049415733,52.92674997550131,0.0,0.0,0.0,0.0,0.0,0.0,0.0,0.0,4.0,151.5,394.7000000000001,2.6638252530633992,0.0,0.0,1.0,49,158.78024992650393,126.0,0.0,0.0,0.0,0.0,0.0,142,146,160,167,180,192,52.92674997550131,0.0,0.0,0.0,0.0,0.0,124.30000000000001,169.5,203.4,237.3,271.2,2.6638252530633992
50,50,50,1731007442.1,402.9,20.0,126.0,0.0,0.0,184.6335126328436,57.01682258755493,0.0,0.0,0.0,0.0,0.0,0.0,0.0,0.0,4.0,154.5,402.9,2.7307482250136537,0.0,0.0,1.0,50,171.0504677626648,126.0,0.0,0.0,0.0,0.0,0.0,142,146,160,167,180,192,57.01682258755493,0.0,0.0,0.0,0.0,0.0,124.30000000000001,169.5,203.4,237.3,271.2,2.7307482250136537
51,51,51,1731007445.1999998,411.3,20.0,128.0,0.0,0.0,182.44627261448403,57.01682258755493,0.0,0.0,0.0,0.0,0.0,0.0,0.0,0.0,4.0,157.59999990463257,411.3,2.7307482250136537,0.0,0.0,1.0,51,171.0504677626648,128.0,0.0,0.0,0.0,0.0,0.0,142,146,160,167,180,192,57.01682258755493,0.0,0.0,0.0,0.0,0.0,124.30000000000001,169.5,203.4,237.3,271.2,2.7307482250136537
52,52,52,1731007448.1999998,419.7000000000001,19.0,128.0,0.0,0.0,181.73127292015604,59.8141154205792,0.0,0.0,0.0,0.0,0.0,0.0,0.0,0.0,4.0,160.59999990463257,419.7000000000001,2.774694783573807,0.0,0.0,1.0,52,188.88668027551324,128.0,0.0,0.0,0.0,0.0,0.0,142,146,160,167,180,192,59.8141154205792,0.0,0.0,0.0,0.0,0.0,124.30000000000001,169.5,203.4,237.3,271.2,2.774694783573807
53,53,53,1731007451.1999998,428.1,20.0,128.0,0.0,0.0,178.69656530718302,60.214208516524494,0.0,0.0,0.0,0.0,0.0,0.0,0.0,0.0,4.0,163.59999990463257,428.1,2.7808676307007785,0.0,0.0,1.0,53,180.64262554957347,128.0,0.0,0.0,0.0,0.0,0.0,142,146,160,167,180,192,60.214208516524494,0.0,0.0,0.0,0.0,0.0,124.30000000000001,169.5,203.4,237.3,271.2,2.7808676307007785
54,54,54,1731007454.1,437.1,20.0,128.0,0.0,0.0,173.55167717303542,62.69128876514228,0.0,0.0,0.0,0.0,0.0,0.0,0.0,0.0,4.0,166.5,437.1,2.818489289740699,0.0,0.0,1.0,54,188.07386629542685,128.0,0.0,0.0,0.0,0.0,0.0,142,146,160,167,180,192,62.69128876514228,0.0,0.0,0.0,0.0,0.0,124.30000000000001,169.5,203.4,237.3,271.2,2.818489289740699
55,55,55,1731007457.1999998,446.2000000000001,20.0,128.0,0.0,0.0,169.53078563406433,76.93084790246417,0.0,0.0,0.0,0.0,0.0,0.0,0.0,0.0,4.0,169.59999990463257,446.2000000000001,3.017501508750754,0.0,0.0,1.0,55,230.7925437073925,128.0,0.0,0.0,0.0,0.0,0.0,142,146,160,167,180,192,76.93084790246417,0.0,0.0,0.0,0.0,0.0,124.30000000000001,169.5,203.4,237.3,271.2,3.017501508750754
56,56,56,1731007460.1,455.3,20.0,127.0,0.0,0.0,166.59526435972953,77.49068208477776,0.0,0.0,0.0,0.0,0.0,0.0,0.0,0.0,4.0,172.5,455.3,3.024803387779794,0.0,0.0,1.0,56,232.4720462543333,127.0,0.0,0.0,0.0,0.0,0.0,142,146,160,167,180,192,77.49068208477776,0.0,0.0,0.0,0.0,0.0,124.30000000000001,169.5,203.4,237.3,271.2,3.024803387779794
57,57,57,1731007463.1999998,464.3,20.0,127.0,0.0,0.0,166.7866667568546,73.9462161522491,0.0,0.0,0.0,0.0,0.0,0.0,0.0,0.0,4.0,175.59999990463257,464.3,2.977963073257892,0.0,0.0,1.0,57,221.8386484567473,127.0,0.0,0.0,0.0,0.0,0.0,142,146,160,167,180,192,73.9462161522491,0.0,0.0,0.0,0.0,0.0,124.30000000000001,169.5,203.4,237.3,271.2,2.977963073257892
58,58,58,1731007466.1,473.3,20.0,127.0,0.0,0.0,167.4023443931574,74.61079771932714,0.0,0.0,0.0,0.0,0.0,0.0,0.0,0.0,4.0,178.5,473.3,2.986857825567503,0.0,0.0,1.0,58,223.83239315798141,127.0,0.0,0.0,0.0,0.0,0.0,142,146,160,167,180,192,74.61079771932714,0.0,0.0,0.0,0.0,0.0,124.30000000000001,169.5,203.4,237.3,271.2,2.986857825567503
59,59,59,1731007468.6999998,481.2000000000001,20.0,128.0,0.0,0.0,164.10277330084577,74.61079771932714,0.0,0.0,0.0,0.0,0.0,0.0,0.0,0.0,4.0,181.09999990463257,481.2000000000001,2.986857825567503,0.0,0.0,1.0,59,223.83239315798141,128.0,0.0,0.0,0.0,0.0,0.0,142,146,160,167,180,192,74.61079771932714,0.0,0.0,0.0,0.0,0.0,124.30000000000001,169.5,203.4,237.3,271.2,2.986857825567503
60,60,60,1731007471.6999998,490.8,21.0,128.0,0.0,0.0,159.23834918652332,89.07319854052126,0.0,0.0,0.0,0.0,0.0,0.0,0.0,0.0,4.0,184.09999990463257,490.8,3.168567807351077,0.0,0.0,1.0,60,254.4948529729179,128.0,0.0,0.0,0.0,0.0,0.0,142,146,160,167,180,192,89.07319854052126,0.0,0.0,0.0,0.0,0.0,124.30000000000001,169.5,203.4,237.3,271.2,3.168567807351077
61,61,61,1731007474.6999998,500.7000000000001,21.0,129.0,0.0,0.0,155.24557215334568,96.959856821917,0.0,0.0,0.0,0.0,0.0,0.0,0.0,0.0,4.0,187.09999990463257,500.7000000000001,3.259452411994785,0.0,0.0,1.0,61,277.0281623483343,129.0,0.0,0.0,0.0,0.0,0.0,142,146,160,167,180,192,96.959856821917,0.0,0.0,0.0,0.0,0.0,124.30000000000001,169.5,203.4,237.3,271.2,3.259452411994785
62,62,62,1731007477.1999998,508.7000000000001,21.0,129.0,0.0,0.0,153.08001375505867,96.959856821917,0.0,0.0,0.0,0.0,0.0,0.0,0.0,0.0,4.0,189.59999990463257,508.7000000000001,3.259452411994785,0.0,0.0,1.0,61,277.0281623483343,129.0,0.0,0.0,0.0,0.0,0.0,142,146,160,167,180,192,96.959856821917,0.0,0.0,0.0,0.0,0.0,124.30000000000001,169.5,203.4,237.3,271.2,3.259452411994785
63,63,63,1731007480.1999998,518.4,21.0,129.0,0.0,0.0,153.29612059382669,96.20530880508872,0.0,0.0,0.0,0.0,0.0,0.0,0.0,0.0,4.0,192.59999990463257,518.4,3.250975292587776,0.0,0.0,1.0,63,274.8723108716821,129.0,0.0,0.0,0.0,0.0,0.0,142,146,160,167,180,192,96.20530880508872,0.0,0.0,0.0,0.0,0.0,124.30000000000001,169.5,203.4,237.3,271.2,3.250975292587776
64,64,64,1731007483.1999998,528.3000000000001,20.0,129.0,0.0,0.0,153.47341724216912,95.64452798016872,0.0,0.0,0.0,0.0,0.0,0.0,0.0,0.0,4.0,195.59999990463257,528.3000000000001,3.2446463335496434,0.0,0.0,1.0,64,286.93358394050614,129.0,0.0,0.0,0.0,0.0,0.0,142,146,160,167,180,192,95.64452798016872,0.0,0.0,0.0,0.0,0.0,124.30000000000001,169.5,203.4,237.3,271.2,3.2446463335496434
65,65,65,1731007486.1999998,538.2,21.0,129.0,0.0,0.0,153.04861197826622,98.49279082411536,0.0,0.0,0.0,0.0,0.0,0.0,0.0,0.0,4.0,198.59999990463257,538.2,3.2765399737876804,0.0,0.0,1.0,65,281.4079737831867,129.0,0.0,0.0,0.0,0.0,0.0,142,146,160,167,180,192,98.49279082411536,0.0,0.0,0.0,0.0,0.0,124.30000000000001,169.5,203.4,237.3,271.2,3.2765399737876804
66,66,66,1731007489.1999998,548.1,20.0,130.0,0.0,0.0,152.1312669240926,98.6866742150224,0.0,0.0,0.0,0.0,0.0,0.0,0.0,0.0,4.0,201.59999990463257,548.1,3.278688524590164,0.0,0.0,1.0,66,296.06002264506725,130.0,0.0,0.0,0.0,0.0,0.0,142,146,160,167,180,192,98.6866742150224,0.0,0.0,0.0,0.0,0.0,124.30000000000001,169.5,203.4,237.3,271.2,3.278688524590164
67,67,67,1731007491.6999998,556.2,20.0,130.0,0.0,0.0,153.19577336555255,98.6866742150224,0.0,0.0,0.0,0.0,0.0,0.0,0.0,0.0,4.0,204.09999990463257,556.2,3.278688524590164,0.0,0.0,1.0,66,296.06002264506725,130.0,0.0,0.0,0.0,0.0,0.0,142,146,160,167,180,192,98.6866742150224,0.0,0.0,0.0,0.0,0.0,124.30000000000001,169.5,203.4,237.3,271.2,3.278688524590164
68,68,68,1731007494.6999998,565.7,21.0,131.0,0.0,0.0,154.74832758647997,97.91417930672674,0.0,0.0,0.0,0.0,0.0,0.0,0.0,0.0,4.0,207.09999990463257,565.7,3.2701111837802483,0.0,0.0,1.0,67,279.75479801921927,131.0,0.0,0.0,0.0,0.0,0.0,142,146,160,167,180,192,97.91417930672674,0.0,0.0,0.0,0.0,0.0,124.30000000000001,169.5,203.4,237.3,271.2,3.2701111837802483
69,69,69,1731007497.6999998,575.4,21.0,131.0,0.0,0.0,154.90804219374454,87.73209402649779,0.0,0.0,0.0,0.0,0.0,0.0,0.0,0.0,4.0,210.09999990463257,575.4,3.152585119798234,0.0,0.0,1.0,69,250.66312578999367,131.0,0.0,0.0,0.0,0.0,0.0,142,146,160,167,180,192,87.73209402649779,0.0,0.0,0.0,0.0,0.0,124.30000000000001,169.5,203.4,237.3,271.2,3.152585119798234
70,70,70,1731007500.6999998,585.2,21.0,131.0,0.0,0.0,153.83665134379714,96.20530880508872,0.0,0.0,0.0,0.0,0.0,0.0,0.0,0.0,4.0,213.09999990463257,585.2,3.250975292587776,0.0,0.0,1.0,70,274.8723108716821,131.0,0.0,0.0,0.0,0.0,0.0,142,146,160,167,180,192,96.20530880508872,0.0,0.0,0.0,0.0,0.0,124.30000000000001,169.5,203.4,237.3,271.2,3.250975292587776
71,71,71,1731007503.6999998,595.2,21.0,132.0,0.0,0.0,151.75584316376944,103.49657253254294,0.0,0.0,0.0,0.0,0.0,0.0,0.0,0.0,4.0,216.09999990463257,595.2,3.3311125916055966,0.0,0.0,1.0,71,295.7044929501227,132.0,0.0,0.0,0.0,0.0,0.0,142,146,160,167,180,192,103.49657253254294,0.0,0.0,0.0,0.0,0.0,124.30000000000001,169.5,203.4,237.3,271.2,3.3311125916055966
72,72,72,1731007506.6999998,605.3000000000001,20.0,132.0,0.0,0.0,149.6401081270531,104.53777776894218,0.0,0.0,0.0,0.0,0.0,0.0,0.0,0.0,4.0,219.09999990463257,605.3000000000001,3.342245989304813,0.0,0.0,1.0,72,313.6133333068266,132.0,0.0,0.0,0.0,0.0,0.0,142,146,160,167,180,192,104.53777776894218,0.0,0.0,0.0,0.0,0.0,124.30000000000001,169.5,203.4,237.3,271.2,3.342245989304813
73,73,73,1731007509.1999998,613.5,20.0,133.0,0.0,0.0,149.60823212767215,104.53777776894218,0.0,0.0,0.0,0.0,0.0,0.0,0.0,0.0,4.0,221.59999990463257,613.5,3.342245989304813,0.0,0.0,1.0,72,313.6133333068266,133.0,0.0,0.0,0.0,0.0,0.0,142,146,160,167,180,192,104.53777776894218,0.0,0.0,0.0,0.0,0.0,124.30000000000001,169.5,203.4,237.3,271.2,3.342245989304813
74,74,74,1731007512.1999998,623.6,21.0,133.0,0.0,0.0,150.13625405976163,102.06198713676498,0.0,0.0,0.0,0.0,0.0,0.0,0.0,0.0,4.0,224.59999990463257,623.6,3.315649867374005,0.0,0.0,1.0,74,291.6056775336142,133.0,0.0,0.0,0.0,0.0,0.0,142,146,160,167,180,192,102.06198713676498,0.0,0.0,0.0,0.0,0.0,124.30000000000001,169.5,203.4,237.3,271.2,3.315649867374005
75,75,75,1731007515.1999998,633.7,21.0,133.0,0.0,0.0,150.24906287725508,103.49657253254294,0.0,0.0,0.0,0.0,0.0,0.0,0.0,0.0,4.0,227.59999990463257,633.7,3.3311125916055966,0.0,0.0,1.0,75,295.7044929501227,133.0,0.0,0.0,0.0,0.0,0.0,142,146,160,167,180,192,103.49657253254294,0.0,0.0,0.0,0.0,0.0,124.30000000000001,169.5,203.4,237.3,271.2,3.3311125916055966
76,76,76,1731007518.1999998,643.7,21.0,134.0,0.0,0.0,149.8228341336243,102.67354202928608,0.0,0.0,0.0,0.0,0.0,0.0,0.0,0.0,4.0,230.59999990463257,643.7,3.3222591362126246,0.0,0.0,1.0,76,293.35297722653166,134.0,0.0,0.0,0.0,0.0,0.0,142,146,160,167,180,192,102.67354202928608,0.0,0.0,0.0,0.0,0.0,124.30000000000001,169.5,203.4,237.3,271.2,3.3222591362126246
77,77,77,1731007520.6999998,651.8000000000001,21.0,134.0,0.0,0.0,151.36683478836878,102.67354202928608,0.0,0.0,0.0,0.0,0.0,0.0,0.0,0.0,4.0,233.09999990463257,651.8000000000001,3.3222591362126246,0.0,0.0,1.0,76,293.35297722653166,134.0,0.0,0.0,0.0,0.0,0.0,142,146,160,167,180,192,102.67354202928608,0.0,0.0,0.0,0.0,0.0,124.30000000000001,169.5,203.4,237.3,271.2,3.3222591362126246
78,78,78,1731007523.6999998,661.4000000000001,21.0,136.0,0.0,0.0,154.45491787683827,99.27138637115414,0.0,0.0,0.0,0.0,0.0,0.0,0.0,0.0,4.0,236.09999990463257,661.4000000000001,3.28515111695138,0.0,0.0,1.0,78,283.6325324890118,136.0,0.0,0.0,0.0,0.0,0.0,142,146,160,167,180,192,99.27138637115414,0.0,0.0,0.0,0.0,0.0,124.30000000000001,169.5,203.4,237.3,271.2,3.28515111695138
79,79,79,1731007526.6999998,670.8000000000001,22.0,136.0,0.0,0.0,157.48645564394388,83.86686638163114,0.0,0.0,0.0,0.0,0.0,0.0,0.0,0.0,4.0,239.09999990463257,670.8000000000001,3.1055900621118013,0.0,0.0,1.0,79,228.7278174044486,136.0,0.0,0.0,0.0,0.0,0.0,142,146,160,167,180,192,83.86686638163114,0.0,0.0,0.0,0.0,0.0,124.30000000000001,169.5,203.4,237.3,271.2,3.1055900621118013
80,80,80,1731007529.1999998,678.5,22.0,136.0,0.0,0.0,161.00997381080984,83.86686638163114,0.0,0.0,0.0,0.0,0.0,0.0,0.0,0.0,4.0,241.59999990463257,678.5,3.1055900621118013,0.0,0.0,1.0,80,228.7278174044486,136.0,0.0,0.0,0.0,0.0,0.0,142,146,160,167,180,192,83.86686638163114,0.0,0.0,0.0,0.0,0.0,124.30000000000001,169.5,203.4,237.3,271.2,3.1055900621118013
81,81,81,1731007532.1999998,687.7,21.0,136.0,0.0,0.0,163.98136455118708,83.55509396390057,0.0,0.0,0.0,0.0,0.0,0.0,0.0,0.0,4.0,244.59999990463257,687.7,3.101736972704715,0.0,0.0,1.0,81,238.72883989685877,136.0,0.0,0.0,0.0,0.0,0.0,142,146,160,167,180,192,83.55509396390057,0.0,0.0,0.0,0.0,0.0,124.30000000000001,169.5,203.4,237.3,271.2,3.101736972704715
82,82,82,1731007535.1999998,696.8000000000001,21.0,135.0,0.0,0.0,164.5441523479668,77.0702995565937,0.0,0.0,0.0,0.0,0.0,0.0,0.0,0.0,4.0,247.59999990463257,696.8000000000001,3.0193236714975846,0.0,0.0,1.0,82,220.200855875982,135.0,0.0,0.0,0.0,0.0,0.0,142,146,160,167,180,192,77.0702995565937,0.0,0.0,0.0,0.0,0.0,124.30000000000001,169.5,203.4,237.3,271.2,3.0193236714975846
83,83,83,1731007537.6999998,704.5,21.0,135.0,0.0,0.0,163.29305583767774,77.0702995565937,0.0,0.0,0.0,0.0,0.0,0.0,0.0,0.0,4.0,250.09999990463257,704.5,3.0193236714975846,0.0,0.0,1.0,83,220.200855875982,135.0,0.0,0.0,0.0,0.0,0.0,142,146,160,167,180,192,77.0702995565937,0.0,0.0,0.0,0.0,0.0,124.30000000000001,169.5,203.4,237.3,271.2,3.0193236714975846
84,84,84,1731007540.6999998,714.2,22.0,135.0,0.0,0.0,160.21478361496764,84.81154065353091,0.0,0.0,0.0,0.0,0.0,0.0,0.0,0.0,4.0,253.09999990463257,714.2,3.1172069825436406,0.0,0.0,1.0,84,231.304201782357,135.0,0.0,0.0,0.0,0.0,0.0,142,146,160,167,180,192,84.81154065353091,0.0,0.0,0.0,0.0,0.0,124.30000000000001,169.5,203.4,237.3,271.2,3.1172069825436406
85,85,85,1731007543.6999998,724.0,21.0,134.0,0.0,0.0,156.50658442118026,96.39320974580532,0.0,0.0,0.0,0.0,0.0,0.0,0.0,0.0,4.0,256.09999990463257,724.0,3.253090435914119,0.0,0.0,1.0,85,275.4091707023009,134.0,0.0,0.0,0.0,0.0,0.0,142,146,160,167,180,192,96.39320974580532,0.0,0.0,0.0,0.0,0.0,124.30000000000001,169.5,203.4,237.3,271.2,3.253090435914119
86,86,86,1731007546.1999998,732.1,21.0,134.0,0.0,0.0,153.15409872146532,96.39320974580532,0.0,0.0,0.0,0.0,0.0,0.0,0.0,0.0,4.0,258.59999990463257,732.1,3.253090435914119,0.0,0.0,1.0,86,275.4091707023009,134.0,0.0,0.0,0.0,0.0,0.0,142,146,160,167,180,192,96.39320974580532,0.0,0.0,0.0,0.0,0.0,124.30000000000001,169.5,203.4,237.3,271.2,3.253090435914119
87,87,87,1731007549.1999998,742.3000000000001,22.0,135.0,0.0,0.0,151.11395703453428,97.53095399171724,0.0,0.0,0.0,0.0,0.0,0.0,0.0,0.0,4.0,261.59999990463257,742.3000000000001,3.265839320705421,0.0,0.0,1.0,87,265.99351088650155,135.0,0.0,0.0,0.0,0.0,0.0,142,146,160,167,180,192,97.53095399171724,0.0,0.0,0.0,0.0,0.0,124.30000000000001,169.5,203.4,237.3,271.2,3.265839320705421
88,88,88,1731007552.1999998,752.5,21.0,135.0,0.0,0.0,150.23918127553236,106.2329522214638,0.0,0.0,0.0,0.0,0.0,0.0,0.0,0.0,4.0,264.59999990463257,752.5,3.3602150537634405,0.0,0.0,1.0,88,303.5227206327537,135.0,0.0,0.0,0.0,0.0,0.0,142,146,160,167,180,192,106.2329522214638,0.0,0.0,0.0,0.0,0.0,124.30000000000001,169.5,203.4,237.3,271.2,3.3602150537634405
89,89,89,1731007554.6999998,760.7,21.0,136.0,0.0,0.0,149.47110339400157,106.2329522214638,0.0,0.0,0.0,0.0,0.0,0.0,0.0,0.0,4.0,267.09999990463257,760.7,3.3602150537634405,0.0,0.0,1.0,89,303.5227206327537,136.0,0.0,0.0,0.0,0.0,0.0,142,146,160,167,180,192,106.2329522214638,0.0,0.0,0.0,0.0,0.0,124.30000000000001,169.5,203.4,237.3,271.2,3.3602150537634405
90,90,90,1731007557.6999998,770.8000000000001,21.0,136.0,0.0,0.0,149.83639017716118,103.49657253254294,0.0,0.0,0.0,0.0,0.0,0.0,0.0,0.0,4.0,270.09999990463257,770.8000000000001,3.3311125916055966,0.0,0.0,1.0,90,295.7044929501227,136.0,0.0,0.0,0.0,0.0,0.0,142,146,160,167,180,192,103.49657253254294,0.0,0.0,0.0,0.0,0.0,124.30000000000001,169.5,203.4,237.3,271.2,3.3311125916055966
91,91,91,1731007560.6999998,780.9000000000001,20.0,136.0,0.0,0.0,149.83807606250073,102.26529780841147,0.0,0.0,0.0,0.0,0.0,0.0,0.0,0.0,4.0,273.09999990463257,780.9000000000001,3.317850033178501,0.0,0.0,1.0,91,306.7958934252344,136.0,0.0,0.0,0.0,0.0,0.0,142,146,160,167,180,192,102.26529780841147,0.0,0.0,0.0,0.0,0.0,124.30000000000001,169.5,203.4,237.3,271.2,3.317850033178501
92,92,92,1731007563.1999998,789.4000000000001,21.0,138.0,0.0,0.0,148.97504499773513,103.70370370370372,0.0,0.0,0.0,0.0,0.0,0.0,0.0,0.0,4.0,275.59999990463257,789.4000000000001,3.333333333333333,0.0,0.0,1.0,91,296.29629629629636,138.0,0.0,0.0,0.0,0.0,0.0,142,146,160,167,180,192,103.70370370370372,0.0,0.0,0.0,0.0,0.0,124.30000000000001,169.5,203.4,237.3,271.2,3.333333333333333
93,93,93,1731007566.1999998,799.8000000000001,21.0,138.0,0.0,0.0,147.39248187359968,112.92639713745234,0.0,0.0,0.0,0.0,0.0,0.0,0.0,0.0,4.0,278.59999990463257,799.8000000000001,3.429355281207133,0.0,0.0,1.0,93,322.64684896414957,138.0,0.0,0.0,0.0,0.0,0.0,142,146,160,167,180,192,112.92639713745234,0.0,0.0,0.0,0.0,0.0,124.30000000000001,169.5,203.4,237.3,271.2,3.429355281207133
94,94,94,1731007569.1999998,810.1,22.0,138.0,0.0,0.0,147.1991521220528,109.2887839908633,0.0,0.0,0.0,0.0,0.0,0.0,0.0,0.0,4.0,281.59999990463257,810.1,3.3921302578018997,0.0,0.0,1.0,94,298.0603199750817,138.0,0.0,0.0,0.0,0.0,0.0,142,146,160,167,180,192,109.2887839908633,0.0,0.0,0.0,0.0,0.0,124.30000000000001,169.5,203.4,237.3,271.2,3.3921302578018997
95,95,95,1731007571.6999998,818.3000000000001,22.0,138.0,0.0,0.0,149.1178804468149,109.2887839908633,0.0,0.0,0.0,0.0,0.0,0.0,0.0,0.0,4.0,284.09999990463257,818.3000000000001,3.3921302578018997,0.0,0.0,1.0,95,298.0603199750817,138.0,0.0,0.0,0.0,0.0,0.0,142,146,160,167,180,192,109.2887839908633,0.0,0.0,0.0,0.0,0.0,124.30000000000001,169.5,203.4,237.3,271.2,3.3921302578018997
96,96,96,1731007574.6999998,828.3000000000001,21.0,138.0,0.0,0.0,150.0759035416671,100.05821009300816,0.0,0.0,0.0,0.0,0.0,0.0,0.0,0.0,4.0,287.09999990463257,828.3000000000001,3.2938076416337285,0.0,0.0,1.0,96,285.8806002657376,138.0,0.0,0.0,0.0,0.0,0.0,142,146,160,167,180,192,100.05821009300816,0.0,0.0,0.0,0.0,0.0,124.30000000000001,169.5,203.4,237.3,271.2,3.2938076416337285
97,97,97,1731007577.1999998,836.7,21.0,138.0,0.0,0.0,148.83371074557647,100.05821009300816,0.0,0.0,0.0,0.0,0.0,0.0,0.0,0.0,4.0,289.59999990463257,836.7,3.2938076416337285,0.0,0.0,1.0,96,285.8806002657376,138.0,0.0,0.0,0.0,0.0,0.0,142,146,160,167,180,192,100.05821009300816,0.0,0.0,0.0,0.0,0.0,124.30000000000001,169.5,203.4,237.3,271.2,3.2938076416337285
98,98,98,1731007580.1999998,847.3000000000001,22.0,139.0,0.0,0.0,146.66332708977578,117.45882783414554,0.0,0.0,0.0,0.0,0.0,0.0,0.0,0.0,4.0,292.59999990463257,847.3000000000001,3.4746351633078527,0.0,0.0,1.0,98,320.3422577294878,139.0,0.0,0.0,0.0,0.0,0.0,142,146,160,167,180,192,117.45882783414554,0.0,0.0,0.0,0.0,0.0,124.30000000000001,169.5,203.4,237.3,271.2,3.4746351633078527
99,99,99,1731007582.6999998,855.9000000000001,22.0,139.0,0.0,0.0,144.3873163682153,117.45882783414554,0.0,0.0,0.0,0.0,0.0,0.0,0.0,0.0,4.0,295.09999990463257,855.9000000000001,3.4746351633078527,0.0,0.0,1.0,99,320.3422577294878,139.0,0.0,0.0,0.0,0.0,0.0,142,146,160,167,180,192,117.45882783414554,0.0,0.0,0.0,0.0,0.0,124.30000000000001,169.5,203.4,237.3,271.2,3.4746351633078527
100,100,100,1731007585.1999998,864.4000000000001,22.0,139.0,0.0,0.0,144.34504539153815,116.72725246851526,0.0,0.0,0.0,0.0,0.0,0.0,0.0,0.0,4.0,297.59999990463257,864.4000000000001,3.4674063800277395,0.0,0.0,1.0,99,318.3470521868598,139.0,0.0,0.0,0.0,0.0,0.0,142,146,160,167,180,192,116.72725246851526,0.0,0.0,0.0,0.0,0.0,124.30000000000001,169.5,203.4,237.3,271.2,3.4674063800277395
101,101,101,1731007588.1999998,874.7,22.0,139.0,0.0,0.0,145.92386351593498,112.00203832957564,0.0,0.0,0.0,0.0,0.0,0.0,0.0,0.0,4.0,300.59999990463257,874.7,3.4199726402188784,0.0,0.0,1.0,101,305.46010453520626,139.0,0.0,0.0,0.0,0.0,0.0,142,146,160,167,180,192,112.00203832957564,0.0,0.0,0.0,0.0,0.0,124.30000000000001,169.5,203.4,237.3,271.2,3.4199726402188784
102,102,102,1731007590.6999998,883.3000000000001,22.0,139.0,0.0,0.0,145.46364124271517,110.4085374588955,0.0,0.0,0.0,0.0,0.0,0.0,0.0,0.0,4.0,303.09999990463257,883.3000000000001,3.4036759700476518,0.0,0.0,1.0,101,301.114193069715,139.0,0.0,0.0,0.0,0.0,0.0,142,146,160,167,180,192,110.4085374588955,0.0,0.0,0.0,0.0,0.0,124.30000000000001,169.5,203.4,237.3,271.2,3.4036759700476518
103,103,103,1731007593.6999998,894.1,22.0,139.0,0.0,0.0,143.95234004703786,117.21429183813444,0.0,0.0,0.0,0.0,0.0,0.0,0.0,0.0,4.0,306.09999990463257,894.1,3.4722222222222223,0.0,0.0,1.0,103,319.67534137673033,139.0,0.0,0.0,0.0,0.0,0.0,142,146,160,167,180,192,117.21429183813444,0.0,0.0,0.0,0.0,0.0,124.30000000000001,169.5,203.4,237.3,271.2,3.4722222222222223
104,104,104,1731007596.6999998,904.9,21.0,139.0,0.0,0.0,142.07379130379152,125.3891851022492,0.0,0.0,0.0,0.0,0.0,0.0,0.0,0.0,4.0,309.09999990463257,904.9,3.5511363636363638,0.0,0.0,1.0,104,358.25481457785486,139.0,0.0,0.0,0.0,0.0,0.0,142,146,160,167,180,192,0.0,125.3891851022492,0.0,0.0,0.0,0.0,124.30000000000001,169.5,203.4,237.3,271.2,3.5511363636363638
105,105,105,1731007599.1999998,913.7,21.0,141.0,0.0,0.0,140.84227032170847,125.3891851022492,0.0,0.0,0.0,0.0,0.0,0.0,0.0,0.0,4.0,311.59999990463257,913.7,3.5511363636363638,0.0,0.0,1.0,104,358.25481457785486,141.0,0.0,0.0,0.0,0.0,0.0,142,146,160,167,180,192,0.0,125.3891851022492,0.0,0.0,0.0,0.0,124.30000000000001,169.5,203.4,237.3,271.2,3.5511363636363638
106,106,106,1731007602.1999998,924.4,22.0,141.0,0.0,0.0,140.74805331911136,123.79976376628116,0.0,0.0,0.0,0.0,0.0,0.0,0.0,0.0,4.0,314.59999990463257,924.4,3.536067892503536,0.0,0.0,1.0,106,337.635719362585,141.0,0.0,0.0,0.0,0.0,0.0,142,146,160,167,180,192,123.79976376628116,0.0,0.0,0.0,0.0,0.0,124.30000000000001,169.5,203.4,237.3,271.2,3.536067892503536
107,107,107,1731007604.6999998,933.1,22.0,142.0,0.0,0.0,141.6264008109368,123.79976376628116,0.0,0.0,0.0,0.0,0.0,0.0,0.0,0.0,4.0,317.09999990463257,933.1,3.536067892503536,0.0,0.0,1.0,106,337.635719362585,142.0,142.0,0.0,0.0,0.0,0.0,142,146,160,167,180,192,123.79976376628116,0.0,0.0,0.0,0.0,0.0,124.30000000000001,169.5,203.4,237.3,271.2,3.536067892503536
108,108,108,1731007607.6999998,943.8,21.0,145.0,0.0,0.0,142.5400352774407,122.4957039960386,0.0,0.0,0.0,0.0,0.0,0.0,0.0,0.0,4.0,320.09999990463257,943.8,3.523608174770965,0.0,0.0,1.0,108,349.9877257029674,0.0,145.0,0.0,0.0,0.0,0.0,142,146,160,167,180,192,122.4957039960386,0.0,0.0,0.0,0.0,0.0,124.30000000000001,169.5,203.4,237.3,271.2,3.523608174770965
109,109,109,1731007610.6999998,954.4,21.0,145.0,0.0,0.0,143.07485440160733,117.70404451463112,0.0,0.0,0.0,0.0,0.0,0.0,0.0,0.0,4.0,323.09999990463257,954.4,3.477051460361613,0.0,0.0,1.0,109,336.29727004180324,0.0,145.0,0.0,0.0,0.0,0.0,142,146,160,167,180,192,117.70404451463112,0.0,0.0,0.0,0.0,0.0,124.30000000000001,169.5,203.4,237.3,271.2,3.477051460361613
110,110,110,1731007613.1999998,963.1,21.0,144.0,0.0,0.0,143.3506664594423,117.70404451463112,0.0,0.0,0.0,0.0,0.0,0.0,0.0,0.0,4.0,325.59999990463257,963.1,3.477051460361613,0.0,0.0,1.0,109,336.29727004180324,0.0,144.0,0.0,0.0,0.0,0.0,142,146,160,167,180,192,117.70404451463112,0.0,0.0,0.0,0.0,0.0,124.30000000000001,169.5,203.4,237.3,271.2,3.477051460361613
111,111,111,1731007616.1999998,973.7,21.0,144.0,0.0,0.0,143.1460796788509,120.95489570340128,0.0,0.0,0.0,0.0,0.0,0.0,0.0,0.0,4.0,328.59999990463257,973.7,3.508771929824561,0.0,0.0,1.0,111,345.58541629543225,0.0,144.0,0.0,0.0,0.0,0.0,142,146,160,167,180,192,120.95489570340128,0.0,0.0,0.0,0.0,0.0,124.30000000000001,169.5,203.4,237.3,271.2,3.508771929824561
112,112,112,1731007618.6999998,982.4,21.0,145.0,0.0,0.0,137.50508063352908,120.95489570340128,0.0,0.0,0.0,0.0,0.0,0.0,0.0,0.0,4.0,331.09999990463257,982.4,3.508771929824561,0.0,0.0,1.0,111,345.58541629543225,0.0,145.0,0.0,0.0,0.0,0.0,142,146,160,167,180,192,120.95489570340128,0.0,0.0,0.0,0.0,0.0,124.30000000000001,169.5,203.4,237.3,271.2,3.508771929824561
113,113,113,1731007621.6999998,993.1,21.0,145.0,0.0,0.0,144.59606167028562,121.7220492113704,0.0,0.0,0.0,0.0,0.0,0.0,0.0,0.0,4.0,334.09999990463257,993.1,3.516174402250352,0.0,0.0,1.0,112,347.7772834610583,0.0,145.0,0.0,0.0,0.0,0.0,142,146,160,167,180,192,121.7220492113704,0.0,0.0,0.0,0.0,0.0,124.30000000000001,169.5,203.4,237.3,271.2,3.516174402250352
114,114,114,1731007624.1999998,1001.9,21.0,145.0,0.0,0.0,163.33102677104375,123.01511971842172,0.0,0.0,0.0,0.0,0.0,0.0,0.0,0.0,4.0,336.59999990463257,1001.9,3.5285815102328866,0.0,0.0,1.0,113,351.471770624062,0.0,145.0,0.0,0.0,0.0,0.0,142,146,160,167,180,192,123.01511971842172,0.0,0.0,0.0,0.0,0.0,124.30000000000001,169.5,203.4,237.3,271.2,3.5285815102328866
115,115,115,1731007631.6999998,1023.6,60.0,147.0,0.0,0.0,191.2546763670612,30.08072696972256,0.0,0.0,0.0,0.0,0.0,0.0,0.0,0.0,4.0,344.09999990463257,1023.6,2.206531332744925,0.0,0.0,1.0,121,30.08072696972256,0.0,0.0,147.0,0.0,0.0,0.0,142,146,160,167,180,192,30.08072696972256,0.0,0.0,0.0,0.0,0.0,124.30000000000001,169.5,203.4,237.3,271.2,2.206531332744925
116,116,116,1731007634.1999998,1029.6,60.0,148.0,0.0,0.0,214.71238827960576,30.08072696972256,0.0,0.0,0.0,0.0,0.0,0.0,0.0,0.0,4.0,346.59999990463257,1029.6,2.206531332744925,0.0,0.0,1.0,123,30.08072696972256,0.0,0.0,148.0,0.0,0.0,0.0,142,146,160,167,180,192,30.08072696972256,0.0,0.0,0.0,0.0,0.0,124.30000000000001,169.5,203.4,237.3,271.2,2.206531332744925
117,117,117,1731007636.6999998,1036.8,22.0,148.0,0.0,0.0,207.4112381055077,40.626224227739,0.0,0.0,0.0,0.0,0.0,0.0,0.0,0.0,4.0,349.09999990463257,1036.8,2.4390243902439024,0.0,0.0,1.0,124,110.79879334837909,0.0,0.0,148.0,0.0,0.0,0.0,142,146,160,167,180,192,40.626224227739,0.0,0.0,0.0,0.0,0.0,124.30000000000001,169.5,203.4,237.3,271.2,2.4390243902439024
118,118,118,1731007639.6999998,1046.5,22.0,145.0,0.0,0.0,174.51504873927777,68.42459129317638,0.0,0.0,0.0,0.0,0.0,0.0,0.0,0.0,4.0,352.09999990463257,1046.5,2.901915264074289,0.0,0.0,1.0,125,186.61252170866283,0.0,145.0,0.0,0.0,0.0,0.0,142,146,160,167,180,192,68.42459129317638,0.0,0.0,0.0,0.0,0.0,124.30000000000001,169.5,203.4,237.3,271.2,2.901915264074289
119,119,119,1731007642.6999998,1056.6,22.0,145.0,0.0,0.0,156.20259580331046,104.11962715444535,0.0,0.0,0.0,0.0,0.0,0.0,0.0,0.0,4.0,355.09999990463257,1056.6,3.337783711615487,0.0,0.0,1.0,126,283.9626195121237,0.0,145.0,0.0,0.0,0.0,0.0,142,146,160,167,180,192,104.11962715444535,0.0,0.0,0.0,0.0,0.0,124.30000000000001,169.5,203.4,237.3,271.2,3.337783711615487
120,120,120,1731007645.1999998,1065.2,22.0,143.0,0.0,0.0,146.1593190943788,104.11962715444535,0.0,0.0,0.0,0.0,0.0,0.0,0.0,0.0,4.0,357.59999990463257,1065.2,3.337783711615487,0.0,0.0,1.0,127,283.9626195121237,0.0,143.0,0.0,0.0,0.0,0.0,142,146,160,167,180,192,104.11962715444535,0.0,0.0,0.0,0.0,0.0,124.30000000000001,169.5,203.4,237.3,271.2,3.337783711615487
121,121,121,1731007648.1999998,1075.9,22.0,143.0,0.0,0.0,143.02104653083003,121.46561239433882,0.0,0.0,0.0,0.0,0.0,0.0,0.0,0.0,4.0,360.59999990463257,1075.9,3.513703443429374,0.0,0.0,1.0,128,331.2698519845604,0.0,143.0,0.0,0.0,0.0,0.0,142,146,160,167,180,192,121.46561239433882,0.0,0.0,0.0,0.0,0.0,124.30000000000001,169.5,203.4,237.3,271.2,3.513703443429374
122,122,122,1731007650.8,1084.6,22.0,143.0,0.0,0.0,142.89346468705554,121.46561239433882,0.0,0.0,0.0,0.0,0.0,0.0,0.0,0.0,4.0,363.2000000476837,1084.6,3.513703443429374,0.0,0.0,1.0,129,331.2698519845604,0.0,143.0,0.0,0.0,0.0,0.0,142,146,160,167,180,192,121.46561239433882,0.0,0.0,0.0,0.0,0.0,124.30000000000001,169.5,203.4,237.3,271.2,3.513703443429374
123,123,123,1731007653.8,1095.2,22.0,143.0,0.0,0.0,141.91187648745964,120.19417532487807,0.0,0.0,0.0,0.0,0.0,0.0,0.0,0.0,4.0,366.2000000476837,1095.2,3.501400560224089,0.0,0.0,1.0,130,327.80229634057656,0.0,143.0,0.0,0.0,0.0,0.0,142,146,160,167,180,192,120.19417532487807,0.0,0.0,0.0,0.0,0.0,124.30000000000001,169.5,203.4,237.3,271.2,3.501400560224089
124,124,124,1731007656.1999998,1103.9,22.0,142.0,0.0,0.0,142.48455423569666,120.19417532487807,0.0,0.0,0.0,0.0,0.0,0.0,0.0,0.0,4.0,368.59999990463257,1103.9,3.501400560224089,0.0,0.0,1.0,131,327.80229634057656,142.0,142.0,0.0,0.0,0.0,0.0,142,146,160,167,180,192,120.19417532487807,0.0,0.0,0.0,0.0,0.0,124.30000000000001,169.5,203.4,237.3,271.2,3.501400560224089
125,125,125,1731007659.3,1114.7,23.0,142.0,0.0,0.0,142.4261422381882,122.4957039960386,0.0,0.0,0.0,0.0,0.0,0.0,0.0,0.0,4.0,371.7000000476837,1114.7,3.523608174770965,0.0,0.0,1.0,133,319.5540104244485,142.0,142.0,0.0,0.0,0.0,0.0,142,146,160,167,180,192,122.4957039960386,0.0,0.0,0.0,0.0,0.0,124.30000000000001,169.5,203.4,237.3,271.2,3.523608174770965
126,126,126,1731007661.8,1123.4,23.0,142.0,0.0,0.0,141.81744390349814,122.4957039960386,0.0,0.0,0.0,0.0,0.0,0.0,0.0,0.0,4.0,374.2000000476837,1123.4,3.523608174770965,0.0,0.0,1.0,134,319.5540104244485,142.0,142.0,0.0,0.0,0.0,0.0,142,146,160,167,180,192,122.4957039960386,0.0,0.0,0.0,0.0,0.0,124.30000000000001,169.5,203.4,237.3,271.2,3.523608174770965
127,127,127,1731007664.3,1132.2,22.0,142.0,0.0,0.0,141.09034985741673,122.75504555574418,0.0,0.0,0.0,0.0,0.0,0.0,0.0,0.0,4.0,376.7000000476837,1132.2,3.5260930888575457,0.0,0.0,1.0,134,334.7864878793023,142.0,142.0,0.0,0.0,0.0,0.0,142,146,160,167,180,192,122.75504555574418,0.0,0.0,0.0,0.0,0.0,124.30000000000001,169.5,203.4,237.3,271.2,3.5260930888575457
128,128,128,1731007667.1999998,1143.1,23.0,142.0,0.0,0.0,140.4941879521209,127.8247349509656,0.0,0.0,0.0,0.0,0.0,0.0,0.0,0.0,4.0,379.59999990463257,1143.1,3.5739814152966405,0.0,0.0,1.0,136,333.4558303068668,142.0,142.0,0.0,0.0,0.0,0.0,142,146,160,167,180,192,0.0,127.8247349509656,0.0,0.0,0.0,0.0,124.30000000000001,169.5,203.4,237.3,271.2,3.5739814152966405
129,129,129,1731007669.8,1152.0,23.0,142.0,0.0,0.0,140.12741560868704,127.8247349509656,0.0,0.0,0.0,0.0,0.0,0.0,0.0,0.0,4.0,382.2000000476837,1152.0,3.5739814152966405,0.0,0.0,1.0,137,333.4558303068668,142.0,142.0,0.0,0.0,0.0,0.0,142,146,160,167,180,192,0.0,127.8247349509656,0.0,0.0,0.0,0.0,124.30000000000001,169.5,203.4,237.3,271.2,3.5739814152966405
130,130,130,1731007672.3,1160.8,22.0,142.0,0.0,0.0,139.93499749900366,127.27808679097176,0.0,0.0,0.0,0.0,0.0,0.0,0.0,0.0,4.0,384.7000000476837,1160.8,3.5688793718772307,0.0,0.0,1.0,137,347.12205488446847,142.0,142.0,0.0,0.0,0.0,0.0,142,146,160,167,180,192,0.0,127.27808679097176,0.0,0.0,0.0,0.0,124.30000000000001,169.5,203.4,237.3,271.2,3.5688793718772307
131,131,131,1731007675.3,1171.7,22.0,143.0,0.0,0.0,140.3473447827358,125.92503559728058,0.0,0.0,0.0,0.0,0.0,0.0,0.0,0.0,4.0,387.7000000476837,1171.7,3.5561877667140824,0.0,0.0,1.0,139,343.4319152653107,0.0,143.0,0.0,0.0,0.0,0.0,142,146,160,167,180,192,0.0,125.92503559728058,0.0,0.0,0.0,0.0,124.30000000000001,169.5,203.4,237.3,271.2,3.5561877667140824
132,132,132,1731007677.6999998,1180.4,22.0,143.0,0.0,0.0,140.2799418854419,127.55102040816328,0.0,0.0,0.0,0.0,0.0,0.0,0.0,0.0,4.0,390.09999990463257,1180.4,3.571428571428572,0.0,0.0,1.0,139,347.86641929499075,0.0,143.0,0.0,0.0,0.0,0.0,142,146,160,167,180,192,0.0,127.55102040816328,0.0,0.0,0.0,0.0,124.30000000000001,169.5,203.4,237.3,271.2,3.571428571428572
133,133,133,1731007680.8,1191.3,22.0,144.0,0.0,0.0,140.17483806968363,125.92503559728058,0.0,0.0,0.0,0.0,0.0,0.0,0.0,0.0,4.0,393.2000000476837,1191.3,3.5561877667140824,0.0,0.0,1.0,141,343.4319152653107,0.0,144.0,0.0,0.0,0.0,0.0,142,146,160,167,180,192,0.0,125.92503559728058,0.0,0.0,0.0,0.0,124.30000000000001,169.5,203.4,237.3,271.2,3.5561877667140824
134,134,134,1731007683.3,1200.2,22.0,144.0,0.0,0.0,140.11800914463944,128.65059214324157,0.0,0.0,0.0,0.0,0.0,0.0,0.0,0.0,4.0,395.7000000476837,1200.2,3.5816618911174785,0.0,0.0,1.0,141,350.86525129974973,0.0,144.0,0.0,0.0,0.0,0.0,142,146,160,167,180,192,0.0,128.65059214324157,0.0,0.0,0.0,0.0,124.30000000000001,169.5,203.4,237.3,271.2,3.5816618911174785
135,135,135,1731007686.3,1211.1,23.0,145.0,0.0,0.0,140.15145085605957,126.73455121309482,0.0,0.0,0.0,0.0,0.0,0.0,0.0,0.0,4.0,398.7000000476837,1211.1,3.563791874554526,0.0,0.0,1.0,143,330.61187272981255,0.0,145.0,0.0,0.0,0.0,0.0,142,146,160,167,180,192,0.0,126.73455121309482,0.0,0.0,0.0,0.0,124.30000000000001,169.5,203.4,237.3,271.2,3.563791874554526
136,136,136,1731007688.8,1219.8,23.0,145.0,0.0,0.0,139.9524823637273,126.73455121309482,0.0,0.0,0.0,0.0,0.0,0.0,0.0,0.0,4.0,401.2000000476837,1219.8,3.563791874554526,0.0,0.0,1.0,144,330.61187272981255,0.0,145.0,0.0,0.0,0.0,0.0,142,146,160,167,180,192,0.0,126.73455121309482,0.0,0.0,0.0,0.0,124.30000000000001,169.5,203.4,237.3,271.2,3.563791874554526
137,137,137,1731007691.8,1230.7,22.0,146.0,0.0,0.0,140.14257572879566,127.8247349509656,0.0,0.0,0.0,0.0,0.0,0.0,0.0,0.0,4.0,404.2000000476837,1230.7,3.5739814152966405,0.0,0.0,1.0,145,348.6129135026335,0.0,146.0,146.0,0.0,0.0,0.0,142,146,160,167,180,192,0.0,127.8247349509656,0.0,0.0,0.0,0.0,124.30000000000001,169.5,203.4,237.3,271.2,3.5739814152966405
138,138,138,1731007694.3,1239.6,22.0,147.0,0.0,0.0,140.16138787485727,127.8247349509656,0.0,0.0,0.0,0.0,0.0,0.0,0.0,0.0,4.0,406.7000000476837,1239.6,3.5739814152966405,0.0,0.0,1.0,146,348.6129135026335,0.0,0.0,147.0,0.0,0.0,0.0,142,146,160,167,180,192,0.0,127.8247349509656,0.0,0.0,0.0,0.0,124.30000000000001,169.5,203.4,237.3,271.2,3.5739814152966405
139,139,139,1731007697.3,1250.4,22.0,147.0,0.0,0.0,140.17728118837817,125.3891851022492,0.0,0.0,0.0,0.0,0.0,0.0,0.0,0.0,4.0,409.7000000476837,1250.4,3.5511363636363638,0.0,0.0,1.0,147,341.970504824316,0.0,0.0,147.0,0.0,0.0,0.0,142,146,160,167,180,192,0.0,125.3891851022492,0.0,0.0,0.0,0.0,124.30000000000001,169.5,203.4,237.3,271.2,3.5511363636363638
140,140,140,1731007699.8,1259.2,22.0,147.0,0.0,0.0,141.11347910286193,125.3891851022492,0.0,0.0,0.0,0.0,0.0,0.0,0.0,0.0,4.0,412.2000000476837,1259.2,3.5511363636363638,0.0,0.0,1.0,148,341.970504824316,0.0,0.0,147.0,0.0,0.0,0.0,142,146,160,167,180,192,0.0,125.3891851022492,0.0,0.0,0.0,0.0,124.30000000000001,169.5,203.4,237.3,271.2,3.5511363636363638
141,141,141,1731007702.3,1267.9,22.0,147.0,0.0,0.0,142.42758797392355,123.79976376628116,0.0,0.0,0.0,0.0,0.0,0.0,0.0,0.0,4.0,414.7000000476837,1267.9,3.536067892503536,0.0,0.0,1.0,149,337.635719362585,0.0,0.0,147.0,0.0,0.0,0.0,142,146,160,167,180,192,123.79976376628116,0.0,0.0,0.0,0.0,0.0,124.30000000000001,169.5,203.4,237.3,271.2,3.536067892503536
142,142,142,1731007705.3,1278.4,22.0,148.0,0.0,0.0,143.90355955097866,115.28222733505557,0.0,0.0,0.0,0.0,0.0,0.0,0.0,0.0,4.0,417.7000000476837,1278.4,3.4530386740331487,0.0,0.0,1.0,150,314.4060745501516,0.0,0.0,148.0,0.0,0.0,0.0,142,146,160,167,180,192,115.28222733505557,0.0,0.0,0.0,0.0,0.0,124.30000000000001,169.5,203.4,237.3,271.2,3.4530386740331487
143,143,143,1731007707.8,1287.0,22.0,148.0,0.0,0.0,144.4138255687319,115.28222733505557,0.0,0.0,0.0,0.0,0.0,0.0,0.0,0.0,4.0,420.2000000476837,1287.0,3.4530386740331487,0.0,0.0,1.0,151,314.4060745501516,0.0,0.0,148.0,0.0,0.0,0.0,142,146,160,167,180,192,115.28222733505557,0.0,0.0,0.0,0.0,0.0,124.30000000000001,169.5,203.4,237.3,271.2,3.4530386740331487
144,144,144,1731007710.8,1297.7,22.0,147.0,0.0,0.0,143.79403637394685,116.00173986038114,0.0,0.0,0.0,0.0,0.0,0.0,0.0,0.0,4.0,423.2000000476837,1297.7,3.460207612456748,0.0,0.0,1.0,152,316.3683814374031,0.0,0.0,147.0,0.0,0.0,0.0,142,146,160,167,180,192,116.00173986038114,0.0,0.0,0.0,0.0,0.0,124.30000000000001,169.5,203.4,237.3,271.2,3.460207612456748
145,145,145,1731007713.3,1306.4,22.0,150.0,0.0,0.0,142.5814797091638,123.79976376628116,0.0,0.0,0.0,0.0,0.0,0.0,0.0,0.0,4.0,425.7000000476837,1306.4,3.536067892503536,0.0,0.0,1.0,153,337.635719362585,0.0,0.0,150.0,0.0,0.0,0.0,142,146,160,167,180,192,123.79976376628116,0.0,0.0,0.0,0.0,0.0,124.30000000000001,169.5,203.4,237.3,271.2,3.536067892503536
146,146,146,1731007716.3,1317.0,22.0,150.0,0.0,0.0,142.24097617270633,123.01511971842172,0.0,0.0,0.0,0.0,0.0,0.0,0.0,0.0,4.0,428.7000000476837,1317.0,3.5285815102328866,0.0,0.0,1.0,154,335.495781050241,0.0,0.0,150.0,0.0,0.0,0.0,142,146,160,167,180,192,123.01511971842172,0.0,0.0,0.0,0.0,0.0,124.30000000000001,169.5,203.4,237.3,271.2,3.5285815102328866
147,147,147,1731007719.3,1327.6,21.0,150.0,0.0,0.0,141.96279098791118,120.44703816350608,0.0,0.0,0.0,0.0,0.0,0.0,0.0,0.0,4.0,431.7000000476837,1327.6,3.5038542396636303,0.0,0.0,1.0,155,344.1343947528745,0.0,0.0,150.0,0.0,0.0,0.0,142,146,160,167,180,192,120.44703816350608,0.0,0.0,0.0,0.0,0.0,124.30000000000001,169.5,203.4,237.3,271.2,3.5038542396636303
148,148,148,1731007721.8,1336.4,21.0,150.0,0.0,0.0,141.9986142802263,120.44703816350608,0.0,0.0,0.0,0.0,0.0,0.0,0.0,0.0,4.0,434.2000000476837,1336.4,3.5038542396636303,0.0,0.0,1.0,156,344.1343947528745,0.0,0.0,150.0,0.0,0.0,0.0,142,146,160,167,180,192,120.44703816350608,0.0,0.0,0.0,0.0,0.0,124.30000000000001,169.5,203.4,237.3,271.2,3.5038542396636303
149,149,149,1731007724.8,1347.2,22.0,150.0,0.0,0.0,141.6053002904609,125.6567295038023,0.0,0.0,0.0,0.0,0.0,0.0,0.0,0.0,4.0,437.2000000476837,1347.2,3.553660270078181,0.0,0.0,1.0,157,342.70017137400623,0.0,0.0,150.0,0.0,0.0,0.0,142,146,160,167,180,192,0.0,125.6567295038023,0.0,0.0,0.0,0.0,124.30000000000001,169.5,203.4,237.3,271.2,3.553660270078181
150,150,150,1731007727.3,1355.9,22.0,150.0,0.0,0.0,140.75513934682917,125.6567295038023,0.0,0.0,0.0,0.0,0.0,0.0,0.0,0.0,4.0,439.7000000476837,1355.9,3.553660270078181,0.0,0.0,1.0,158,342.70017137400623,0.0,0.0,150.0,0.0,0.0,0.0,142,146,160,167,180,192,0.0,125.6567295038023,0.0,0.0,0.0,0.0,124.30000000000001,169.5,203.4,237.3,271.2,3.553660270078181
151,151,151,1731007730.3,1366.7,21.0,150.0,0.0,0.0,140.11556079673912,125.3891851022492,0.0,0.0,0.0,0.0,0.0,0.0,0.0,0.0,4.0,442.7000000476837,1366.7,3.5511363636363638,0.0,0.0,1.0,159,358.25481457785486,0.0,0.0,150.0,0.0,0.0,0.0,142,146,160,167,180,192,0.0,125.3891851022492,0.0,0.0,0.0,0.0,124.30000000000001,169.5,203.4,237.3,271.2,3.5511363636363638
152,152,152,1731007733.3,1377.6,21.0,150.0,0.0,0.0,139.82091396598574,129.48357901033992,0.0,0.0,0.0,0.0,0.0,0.0,0.0,0.0,4.0,445.7000000476837,1377.6,3.5893754486719307,0.0,0.0,1.0,160,369.9530828866855,0.0,0.0,150.0,0.0,0.0,0.0,142,146,160,167,180,192,0.0,129.48357901033992,0.0,0.0,0.0,0.0,124.30000000000001,169.5,203.4,237.3,271.2,3.5893754486719307
153,153,153,1731007735.8,1386.5,21.0,152.0,0.0,0.0,139.22228891521237,129.48357901033992,0.0,0.0,0.0,0.0,0.0,0.0,0.0,0.0,4.0,448.2000000476837,1386.5,3.5893754486719307,0.0,0.0,1.0,161,369.9530828866855,0.0,0.0,152.0,0.0,0.0,0.0,142,146,160,167,180,192,0.0,129.48357901033992,0.0,0.0,0.0,0.0,124.30000000000001,169.5,203.4,237.3,271.2,3.5893754486719307
154,154,154,1731007738.8,1397.4,21.0,152.0,0.0,0.0,138.61163343174914,130.60545218378434,0.0,0.0,0.0,0.0,0.0,0.0,0.0,0.0,4.0,451.2000000476837,1397.4,3.599712023038157,0.0,0.0,1.0,162,373.15843481081237,0.0,0.0,152.0,0.0,0.0,0.0,142,146,160,167,180,192,0.0,130.60545218378434,0.0,0.0,0.0,0.0,124.30000000000001,169.5,203.4,237.3,271.2,3.599712023038157
155,155,155,1731007741.8,1408.3000000000002,21.0,152.0,0.0,0.0,138.28651927828432,132.02609373976983,0.0,0.0,0.0,0.0,0.0,0.0,0.0,0.0,4.0,454.2000000476837,1408.3000000000002,3.61271676300578,0.0,0.0,1.0,163,377.2174106850567,0.0,0.0,152.0,0.0,0.0,0.0,142,146,160,167,180,192,0.0,132.02609373976983,0.0,0.0,0.0,0.0,124.30000000000001,169.5,203.4,237.3,271.2,3.61271676300578
156,156,156,1731007744.3,1417.1,21.0,153.0,0.0,0.0,138.96242318026862,132.02609373976983,0.0,0.0,0.0,0.0,0.0,0.0,0.0,0.0,4.0,456.7000000476837,1417.1,3.61271676300578,0.0,0.0,1.0,164,377.2174106850567,0.0,0.0,153.0,0.0,0.0,0.0,142,146,160,167,180,192,0.0,132.02609373976983,0.0,0.0,0.0,0.0,124.30000000000001,169.5,203.4,237.3,271.2,3.61271676300578
157,157,157,1731007747.3,1427.9,21.0,153.0,0.0,0.0,139.77072286448896,128.65059214324157,0.0,0.0,0.0,0.0,0.0,0.0,0.0,0.0,4.0,459.7000000476837,1427.9,3.5816618911174785,0.0,0.0,1.0,165,367.5731204092616,0.0,0.0,153.0,0.0,0.0,0.0,142,146,160,167,180,192,0.0,128.65059214324157,0.0,0.0,0.0,0.0,124.30000000000001,169.5,203.4,237.3,271.2,3.5816618911174785
158,158,158,1731007750.3,1438.5,22.0,154.0,0.0,0.0,142.08050948153172,118.44380241323324,0.0,0.0,0.0,0.0,0.0,0.0,0.0,0.0,4.0,462.7000000476837,1438.5,3.484320557491289,0.0,0.0,1.0,166,323.0285520360907,0.0,0.0,154.0,0.0,0.0,0.0,142,146,160,167,180,192,118.44380241323324,0.0,0.0,0.0,0.0,0.0,124.30000000000001,169.5,203.4,237.3,271.2,3.484320557491289
159,159,159,1731007752.8,1446.6,22.0,154.0,0.0,0.0,145.7278680313588,118.44380241323324,0.0,0.0,0.0,0.0,0.0,0.0,0.0,0.0,4.0,465.2000000476837,1446.6,3.484320557491289,0.0,0.0,1.0,167,323.0285520360907,0.0,0.0,154.0,0.0,0.0,0.0,142,146,160,167,180,192,118.44380241323324,0.0,0.0,0.0,0.0,0.0,124.30000000000001,169.5,203.4,237.3,271.2,3.484320557491289
160,160,160,1731007755.8,1456.4,21.0,154.0,0.0,0.0,150.79369910783987,101.65697972466062,0.0,0.0,0.0,0.0,0.0,0.0,0.0,0.0,4.0,468.2000000476837,1456.4,3.3112582781456954,0.0,0.0,1.0,168,290.4485134990303,0.0,0.0,154.0,0.0,0.0,0.0,142,146,160,167,180,192,101.65697972466062,0.0,0.0,0.0,0.0,0.0,124.30000000000001,169.5,203.4,237.3,271.2,3.3112582781456954
161,161,161,1731007758.3,1464.2,22.0,154.0,0.0,0.0,155.82889170285404,93.08439153941336,0.0,0.0,0.0,0.0,0.0,0.0,0.0,0.0,4.0,470.7000000476837,1464.2,3.215434083601286,0.0,0.0,1.0,169,253.86652238021824,0.0,0.0,154.0,0.0,0.0,0.0,142,146,160,167,180,192,93.08439153941336,0.0,0.0,0.0,0.0,0.0,124.30000000000001,169.5,203.4,237.3,271.2,3.215434083601286
162,162,162,1731007761.3,1473.9,22.0,154.0,0.0,0.0,156.53474253268212,86.58062508266083,0.0,0.0,0.0,0.0,0.0,0.0,0.0,0.0,4.0,473.7000000476837,1473.9,3.138731952291274,0.0,0.0,1.0,170,236.1289774981659,0.0,0.0,154.0,0.0,0.0,0.0,142,146,160,167,180,192,86.58062508266083,0.0,0.0,0.0,0.0,0.0,124.30000000000001,169.5,203.4,237.3,271.2,3.138731952291274
163,163,163,1731007764.3,1484.3000000000002,21.0,153.0,0.0,0.0,152.31940429241607,93.98811721660904,0.0,0.0,0.0,0.0,0.0,0.0,0.0,0.0,4.0,476.7000000476837,1484.3000000000002,3.225806451612903,0.0,0.0,1.0,171,268.53747776174015,0.0,0.0,153.0,0.0,0.0,0.0,142,146,160,167,180,192,93.98811721660904,0.0,0.0,0.0,0.0,0.0,124.30000000000001,169.5,203.4,237.3,271.2,3.225806451612903
164,164,164,1731007767.3,1494.8000000000002,21.0,153.0,0.0,0.0,147.2752926289844,119.43982078394784,0.0,0.0,0.0,0.0,0.0,0.0,0.0,0.0,4.0,479.7000000476837,1494.8000000000002,3.494060097833683,0.0,0.0,1.0,172,341.25663081127954,0.0,0.0,153.0,0.0,0.0,0.0,142,146,160,167,180,192,119.43982078394784,0.0,0.0,0.0,0.0,0.0,124.30000000000001,169.5,203.4,237.3,271.2,3.494060097833683
165,165,165,1731007769.8,1503.5,21.0,150.0,0.0,0.0,143.68162337308527,119.43982078394784,0.0,0.0,0.0,0.0,0.0,0.0,0.0,0.0,4.0,482.2000000476837,1503.5,3.494060097833683,0.0,0.0,1.0,173,341.25663081127954,0.0,0.0,150.0,0.0,0.0,0.0,142,146,160,167,180,192,119.43982078394784,0.0,0.0,0.0,0.0,0.0,124.30000000000001,169.5,203.4,237.3,271.2,3.494060097833683
166,166,166,1731007772.8,1513.9,22.0,150.0,0.0,0.0,143.20660011387693,117.45882783414554,0.0,0.0,0.0,0.0,0.0,0.0,0.0,0.0,4.0,485.2000000476837,1513.9,3.4746351633078527,0.0,0.0,1.0,174,320.3422577294878,0.0,0.0,150.0,0.0,0.0,0.0,142,146,160,167,180,192,117.45882783414554,0.0,0.0,0.0,0.0,0.0,124.30000000000001,169.5,203.4,237.3,271.2,3.4746351633078527
167,167,167,1731007775.3,1522.5,21.0,150.0,0.0,0.0,144.2570120572873,114.56865299373746,0.0,0.0,0.0,0.0,0.0,0.0,0.0,0.0,4.0,487.7000000476837,1522.5,3.445899379738112,0.0,0.0,1.0,175,327.33900855353556,0.0,0.0,150.0,0.0,0.0,0.0,142,146,160,167,180,192,114.56865299373746,0.0,0.0,0.0,0.0,0.0,124.30000000000001,169.5,203.4,237.3,271.2,3.445899379738112
168,168,168,1731007778.3,1533.0,21.0,150.0,0.0,0.0,143.78545141545976,116.48474440388372,0.0,0.0,0.0,0.0,0.0,0.0,0.0,0.0,4.0,490.7000000476837,1533.0,3.465003465003465,0.0,0.0,1.0,176,332.81355543966777,0.0,0.0,150.0,0.0,0.0,0.0,142,146,160,167,180,192,116.48474440388372,0.0,0.0,0.0,0.0,0.0,124.30000000000001,169.5,203.4,237.3,271.2,3.465003465003465
169,169,169,1731007781.3,1543.8000000000002,21.0,150.0,0.0,0.0,142.49601156294298,123.53747621848429,0.0,0.0,0.0,0.0,0.0,0.0,0.0,0.0,4.0,493.7000000476837,1543.8000000000002,3.53356890459364,0.0,0.0,1.0,177,352.964217767098,0.0,0.0,150.0,0.0,0.0,0.0,142,146,160,167,180,192,123.53747621848429,0.0,0.0,0.0,0.0,0.0,124.30000000000001,169.5,203.4,237.3,271.2,3.53356890459364
170,170,170,1731007783.8,1552.6,21.0,150.0,0.0,0.0,140.92006002004015,123.53747621848429,0.0,0.0,0.0,0.0,0.0,0.0,0.0,0.0,4.0,496.2000000476837,1552.6,3.53356890459364,0.0,0.0,1.0,178,352.964217767098,0.0,0.0,150.0,0.0,0.0,0.0,142,146,160,167,180,192,123.53747621848429,0.0,0.0,0.0,0.0,0.0,124.30000000000001,169.5,203.4,237.3,271.2,3.53356890459364
171,171,171,1731007786.8,1563.4,22.0,150.0,0.0,0.0,140.30539333534796,127.55102040816328,0.0,0.0,0.0,0.0,0.0,0.0,0.0,0.0,4.0,499.2000000476837,1563.4,3.571428571428572,0.0,0.0,1.0,179,347.86641929499075,0.0,0.0,150.0,0.0,0.0,0.0,142,146,160,167,180,192,0.0,127.55102040816328,0.0,0.0,0.0,0.0,124.30000000000001,169.5,203.4,237.3,271.2,3.571428571428572
172,172,172,1731007789.3,1572.2,22.0,150.0,0.0,0.0,140.5065949445987,127.55102040816328,0.0,0.0,0.0,0.0,0.0,0.0,0.0,0.0,4.0,501.7000000476837,1572.2,3.571428571428572,0.0,0.0,1.0,180,347.86641929499075,0.0,0.0,150.0,0.0,0.0,0.0,142,146,160,167,180,192,0.0,127.55102040816328,0.0,0.0,0.0,0.0,124.30000000000001,169.5,203.4,237.3,271.2,3.571428571428572
173,173,173,1731007792.3,1583.0,22.0,150.0,0.0,0.0,140.94398862078313,123.79976376628116,0.0,0.0,0.0,0.0,0.0,0.0,0.0,0.0,4.0,504.7000000476837,1583.0,3.536067892503536,0.0,0.0,1.0,181,337.635719362585,0.0,0.0,150.0,0.0,0.0,0.0,142,146,160,167,180,192,123.79976376628116,0.0,0.0,0.0,0.0,0.0,124.30000000000001,169.5,203.4,237.3,271.2,3.536067892503536
174,174,174,1731007794.8,1591.7,22.0,150.0,0.0,0.0,141.43852310273445,123.79976376628116,0.0,0.0,0.0,0.0,0.0,0.0,0.0,0.0,4.0,507.2000000476837,1591.7,3.536067892503536,0.0,0.0,1.0,182,337.635719362585,0.0,0.0,150.0,0.0,0.0,0.0,142,146,160,167,180,192,123.79976376628116,0.0,0.0,0.0,0.0,0.0,124.30000000000001,169.5,203.4,237.3,271.2,3.536067892503536
175,175,175,1731007797.8,1602.5,21.0,150.0,0.0,0.0,141.11469049449232,123.01511971842172,0.0,0.0,0.0,0.0,0.0,0.0,0.0,0.0,4.0,510.2000000476837,1602.5,3.5285815102328866,0.0,0.0,1.0,183,351.471770624062,0.0,0.0,150.0,0.0,0.0,0.0,142,146,160,167,180,192,123.01511971842172,0.0,0.0,0.0,0.0,0.0,124.30000000000001,169.5,203.4,237.3,271.2,3.5285815102328866
176,176,176,1731007800.3,1611.4,22.0,151.0,0.0,0.0,140.45125890598555,127.00593131633616,0.0,0.0,0.0,0.0,0.0,0.0,0.0,0.0,4.0,512.7000000476837,1611.4,3.566333808844508,0.0,0.0,1.0,184,346.3798126809168,0.0,0.0,151.0,0.0,0.0,0.0,142,146,160,167,180,192,0.0,127.00593131633616,0.0,0.0,0.0,0.0,124.30000000000001,169.5,203.4,237.3,271.2,3.566333808844508
177,177,177,1731007803.3,1622.3000000000002,22.0,151.0,0.0,0.0,140.0879825126743,129.20511979613713,0.0,0.0,0.0,0.0,0.0,0.0,0.0,0.0,4.0,515.7000000476837,1622.3000000000002,3.5868005738880915,0.0,0.0,1.0,185,352.37759944401034,0.0,0.0,151.0,0.0,0.0,0.0,142,146,160,167,180,192,0.0,129.20511979613713,0.0,0.0,0.0,0.0,124.30000000000001,169.5,203.4,237.3,271.2,3.5868005738880915
178,178,178,1731007806.3,1633.0,21.0,151.0,0.0,0.0,139.8012152437947,127.00593131633616,0.0,0.0,0.0,0.0,0.0,0.0,0.0,0.0,4.0,518.7000000476837,1633.0,3.566333808844508,0.0,0.0,1.0,186,362.8740894752462,0.0,0.0,151.0,0.0,0.0,0.0,142,146,160,167,180,192,0.0,127.00593131633616,0.0,0.0,0.0,0.0,124.30000000000001,169.5,203.4,237.3,271.2,3.566333808844508
179,179,179,1731007808.8,1641.9,21.0,152.0,0.0,0.0,139.88490855976454,127.00593131633616,0.0,0.0,0.0,0.0,0.0,0.0,0.0,0.0,4.0,521.2000000476837,1641.9,3.566333808844508,0.0,0.0,1.0,187,362.8740894752462,0.0,0.0,152.0,0.0,0.0,0.0,142,146,160,167,180,192,0.0,127.00593131633616,0.0,0.0,0.0,0.0,124.30000000000001,169.5,203.4,237.3,271.2,3.566333808844508
180,180,180,1731007811.8,1652.8000000000002,21.0,152.0,0.0,0.0,139.95263547746302,128.65059214324157,0.0,0.0,0.0,0.0,0.0,0.0,0.0,0.0,4.0,524.2000000476837,1652.8000000000002,3.5816618911174785,0.0,0.0,1.0,188,367.5731204092616,0.0,0.0,152.0,0.0,0.0,0.0,142,146,160,167,180,192,0.0,128.65059214324157,0.0,0.0,0.0,0.0,124.30000000000001,169.5,203.4,237.3,271.2,3.5816618911174785
181,181,181,1731007814.8,1663.6,22.0,152.0,0.0,0.0,139.59013504424342,128.65059214324157,0.0,0.0,0.0,0.0,0.0,0.0,0.0,0.0,4.0,527.2000000476837,1663.6,3.5816618911174785,0.0,0.0,1.0,189,350.86525129974973,0.0,0.0,152.0,0.0,0.0,0.0,142,146,160,167,180,192,0.0,128.65059214324157,0.0,0.0,0.0,0.0,124.30000000000001,169.5,203.4,237.3,271.2,3.5816618911174785
182,182,182,1731007817.3,1672.5,22.0,152.0,0.0,0.0,139.4903437534027,128.65059214324157,0.0,0.0,0.0,0.0,0.0,0.0,0.0,0.0,4.0,529.7000000476837,1672.5,3.5816618911174785,0.0,0.0,1.0,190,350.86525129974973,0.0,0.0,152.0,0.0,0.0,0.0,142,146,160,167,180,192,0.0,128.65059214324157,0.0,0.0,0.0,0.0,124.30000000000001,169.5,203.4,237.3,271.2,3.5816618911174785
183,183,183,1731007820.3,1683.4,22.0,152.0,0.0,0.0,138.95887098838708,130.8879440517852,0.0,0.0,0.0,0.0,0.0,0.0,0.0,0.0,4.0,532.7000000476837,1683.4,3.6023054755043225,0.0,0.0,1.0,191,356.9671201412324,0.0,0.0,152.0,0.0,0.0,0.0,142,146,160,167,180,192,0.0,130.8879440517852,0.0,0.0,0.0,0.0,124.30000000000001,169.5,203.4,237.3,271.2,3.6023054755043225
184,184,184,1731007822.8,1692.6,22.0,152.0,0.0,0.0,138.09631862210583,130.8879440517852,0.0,0.0,0.0,0.0,0.0,0.0,0.0,0.0,4.0,535.2000000476837,1692.6,3.6023054755043225,0.0,0.0,1.0,192,356.9671201412324,0.0,0.0,152.0,0.0,0.0,0.0,142,146,160,167,180,192,0.0,130.8879440517852,0.0,0.0,0.0,0.0,124.30000000000001,169.5,203.4,237.3,271.2,3.6023054755043225
185,185,185,1731007825.8,1703.7,22.0,152.0,0.0,0.0,137.34835636353313,137.3143566001489,0.0,0.0,0.0,0.0,0.0,0.0,0.0,0.0,4.0,538.2000000476837,1703.7,3.660322108345535,0.0,0.0,1.0,193,374.49369981858786,0.0,0.0,152.0,0.0,0.0,0.0,142,146,160,167,180,192,0.0,137.3143566001489,0.0,0.0,0.0,0.0,124.30000000000001,169.5,203.4,237.3,271.2,3.660322108345535
186,186,186,1731007828.3,1712.9,22.0,152.0,0.0,0.0,136.6551534526439,137.3143566001489,0.0,0.0,0.0,0.0,0.0,0.0,0.0,0.0,4.0,540.7000000476837,1712.9,3.660322108345535,0.0,0.0,1.0,194,374.49369981858786,0.0,0.0,152.0,0.0,0.0,0.0,142,146,160,167,180,192,0.0,137.3143566001489,0.0,0.0,0.0,0.0,124.30000000000001,169.5,203.4,237.3,271.2,3.660322108345535
187,187,187,1731007830.8,1722.1,22.0,153.0,0.0,0.0,136.127649276779,137.3143566001489,0.0,0.0,0.0,0.0,0.0,0.0,0.0,0.0,4.0,543.2000000476837,1722.1,3.660322108345535,0.0,0.0,1.0,195,374.49369981858786,0.0,0.0,153.0,0.0,0.0,0.0,142,146,160,167,180,192,0.0,137.3143566001489,0.0,0.0,0.0,0.0,124.30000000000001,169.5,203.4,237.3,271.2,3.660322108345535
188,188,188,1731007833.8,1733.3000000000002,22.0,153.0,0.0,0.0,135.89804045555545,140.37474351689437,0.0,0.0,0.0,0.0,0.0,0.0,0.0,0.0,4.0,546.2000000476837,1733.3000000000002,3.687315634218289,0.0,0.0,1.0,196,382.8402095915301,0.0,0.0,153.0,0.0,0.0,0.0,142,146,160,167,180,192,0.0,140.37474351689437,0.0,0.0,0.0,0.0,124.30000000000001,169.5,203.4,237.3,271.2,3.687315634218289
189,189,189,1731007836.3,1742.4,22.0,154.0,0.0,0.0,135.39382298604835,140.37474351689437,0.0,0.0,0.0,0.0,0.0,0.0,0.0,0.0,4.0,548.7000000476837,1742.4,3.687315634218289,0.0,0.0,1.0,197,382.8402095915301,0.0,0.0,154.0,0.0,0.0,0.0,142,146,160,167,180,192,0.0,140.37474351689437,0.0,0.0,0.0,0.0,124.30000000000001,169.5,203.4,237.3,271.2,3.687315634218289
190,190,190,1731007839.3,1753.8000000000002,22.0,154.0,0.0,0.0,135.04823390329736,142.57132813708554,0.0,0.0,0.0,0.0,0.0,0.0,0.0,0.0,4.0,551.7000000476837,1753.8000000000002,3.7064492216456633,0.0,0.0,1.0,198,388.83089491932424,0.0,0.0,154.0,0.0,0.0,0.0,142,146,160,167,180,192,0.0,142.57132813708554,0.0,0.0,0.0,0.0,124.30000000000001,169.5,203.4,237.3,271.2,3.7064492216456633
191,191,191,1731007841.8,1762.8000000000002,22.0,154.0,0.0,0.0,135.0093204188071,142.57132813708554,0.0,0.0,0.0,0.0,0.0,0.0,0.0,0.0,4.0,554.2000000476837,1762.8000000000002,3.7064492216456633,0.0,0.0,1.0,199,388.83089491932424,0.0,0.0,154.0,0.0,0.0,0.0,142,146,160,167,180,192,0.0,142.57132813708554,0.0,0.0,0.0,0.0,124.30000000000001,169.5,203.4,237.3,271.2,3.7064492216456633
192,192,192,1731007844.8,1774.1,22.0,155.0,0.0,0.0,134.96209066371017,141.93908370253652,0.0,0.0,0.0,0.0,0.0,0.0,0.0,0.0,4.0,557.2000000476837,1774.1,3.700962250185048,0.0,0.0,1.0,200,387.10659191600865,0.0,0.0,155.0,0.0,0.0,0.0,142,146,160,167,180,192,0.0,141.93908370253652,0.0,0.0,0.0,0.0,124.30000000000001,169.5,203.4,237.3,271.2,3.700962250185048
193,193,193,1731007847.3,1783.3000000000002,22.0,155.0,0.0,0.0,134.76887912719062,141.93908370253652,0.0,0.0,0.0,0.0,0.0,0.0,0.0,0.0,4.0,559.7000000476837,1783.3000000000002,3.700962250185048,0.0,0.0,1.0,201,387.10659191600865,0.0,0.0,155.0,0.0,0.0,0.0,142,146,160,167,180,192,0.0,141.93908370253652,0.0,0.0,0.0,0.0,124.30000000000001,169.5,203.4,237.3,271.2,3.700962250185048
194,194,194,1731007850.3,1794.6,22.0,155.0,0.0,0.0,135.19694856394747,142.2547375908144,0.0,0.0,0.0,0.0,0.0,0.0,0.0,0.0,4.0,562.7000000476837,1794.6,3.703703703703704,0.0,0.0,1.0,202,387.96746615676653,0.0,0.0,155.0,0.0,0.0,0.0,142,146,160,167,180,192,0.0,142.2547375908144,0.0,0.0,0.0,0.0,124.30000000000001,169.5,203.4,237.3,271.2,3.703703703703704
195,195,195,1731007852.8,1803.7,22.0,155.0,0.0,0.0,136.00413384335863,142.2547375908144,0.0,0.0,0.0,0.0,0.0,0.0,0.0,0.0,4.0,565.2000000476837,1803.7,3.703703703703704,0.0,0.0,1.0,203,387.96746615676653,0.0,0.0,155.0,0.0,0.0,0.0,142,146,160,167,180,192,0.0,142.2547375908144,0.0,0.0,0.0,0.0,124.30000000000001,169.5,203.4,237.3,271.2,3.703703703703704
196,196,196,1731007855.8,1814.7,21.0,155.0,0.0,0.0,136.7408719262527,132.8883804606452,0.0,0.0,0.0,0.0,0.0,0.0,0.0,0.0,4.0,568.2000000476837,1814.7,3.6205648081100654,0.0,0.0,1.0,204,379.68108703041486,0.0,0.0,155.0,0.0,0.0,0.0,142,146,160,167,180,192,0.0,132.8883804606452,0.0,0.0,0.0,0.0,124.30000000000001,169.5,203.4,237.3,271.2,3.6205648081100654
197,197,197,1731007858.3,1823.6,21.0,155.0,0.0,0.0,138.17316343682333,132.8883804606452,0.0,0.0,0.0,0.0,0.0,0.0,0.0,0.0,4.0,570.7000000476837,1823.6,3.6205648081100654,0.0,0.0,1.0,205,379.68108703041486,0.0,0.0,155.0,0.0,0.0,0.0,142,146,160,167,180,192,0.0,132.8883804606452,0.0,0.0,0.0,0.0,124.30000000000001,169.5,203.4,237.3,271.2,3.6205648081100654
198,198,198,1731007861.3,1834.3,21.0,156.0,0.0,0.0,139.7674740716912,132.31269152784256,0.0,0.0,0.0,0.0,0.0,0.0,0.0,0.0,4.0,573.7000000476837,1834.3,3.615328994938539,0.0,0.0,1.0,206,378.0362615081216,0.0,0.0,156.0,0.0,0.0,0.0,142,146,160,167,180,192,0.0,132.31269152784256,0.0,0.0,0.0,0.0,124.30000000000001,169.5,203.4,237.3,271.2,3.615328994938539
199,199,199,1731007864.3,1845.0,21.0,156.0,0.0,0.0,140.4817263148102,123.01511971842172,0.0,0.0,0.0,0.0,0.0,0.0,0.0,0.0,4.0,576.7000000476837,1845.0,3.5285815102328866,0.0,0.0,1.0,207,351.471770624062,0.0,0.0,156.0,0.0,0.0,0.0,142,146,160,167,180,192,123.01511971842172,0.0,0.0,0.0,0.0,0.0,124.30000000000001,169.5,203.4,237.3,271.2,3.5285815102328866
200,200,200,1731007866.8,1853.8,21.0,156.0,0.0,0.0,141.1914145556812,123.01511971842172,0.0,0.0,0.0,0.0,0.0,0.0,0.0,0.0,4.0,579.2000000476837,1853.8,3.5285815102328866,0.0,0.0,1.0,208,351.471770624062,0.0,0.0,156.0,0.0,0.0,0.0,142,146,160,167,180,192,123.01511971842172,0.0,0.0,0.0,0.0,0.0,124.30000000000001,169.5,203.4,237.3,271.2,3.5285815102328866
201,201,201,1731007869.8,1864.6,21.0,156.0,0.0,0.0,141.0922078015637,126.19410609526096,0.0,0.0,0.0,0.0,0.0,0.0,0.0,0.0,4.0,582.2000000476837,1864.6,3.5587188612099645,0.0,0.0,1.0,209,360.5545888436028,0.0,0.0,156.0,0.0,0.0,0.0,142,146,160,167,180,192,0.0,126.19410609526096,0.0,0.0,0.0,0.0,124.30000000000001,169.5,203.4,237.3,271.2,3.5587188612099645
202,202,202,1731007872.3,1873.4,21.0,156.0,0.0,0.0,140.31281527203265,126.19410609526096,0.0,0.0,0.0,0.0,0.0,0.0,0.0,0.0,4.0,584.7000000476837,1873.4,3.5587188612099645,0.0,0.0,1.0,210,360.5545888436028,0.0,0.0,156.0,0.0,0.0,0.0,142,146,160,167,180,192,0.0,126.19410609526096,0.0,0.0,0.0,0.0,124.30000000000001,169.5,203.4,237.3,271.2,3.5587188612099645
203,203,203,1731007875.3,1884.1,22.0,156.0,0.0,0.0,140.29719329205392,127.27808679097176,0.0,0.0,0.0,0.0,0.0,0.0,0.0,0.0,4.0,587.7000000476837,1884.1,3.5688793718772307,0.0,0.0,1.0,211,347.12205488446847,0.0,0.0,156.0,0.0,0.0,0.0,142,146,160,167,180,192,0.0,127.27808679097176,0.0,0.0,0.0,0.0,124.30000000000001,169.5,203.4,237.3,271.2,3.5688793718772307
204,204,204,1731007877.8,1892.8,21.0,156.0,0.0,0.0,140.74293058355187,124.0627943379826,0.0,0.0,0.0,0.0,0.0,0.0,0.0,0.0,4.0,590.2000000476837,1892.8,3.538570417551309,0.0,0.0,1.0,212,354.4651266799503,0.0,0.0,156.0,0.0,0.0,0.0,142,146,160,167,180,192,124.0627943379826,0.0,0.0,0.0,0.0,0.0,124.30000000000001,169.5,203.4,237.3,271.2,3.538570417551309
205,205,205,1731007880.8,1903.2,22.0,156.0,0.0,0.0,143.0718564365309,119.43982078394784,0.0,0.0,0.0,0.0,0.0,0.0,0.0,0.0,4.0,593.2000000476837,1903.2,3.494060097833683,0.0,0.0,1.0,213,325.74496577440317,0.0,0.0,156.0,0.0,0.0,0.0,142,146,160,167,180,192,119.43982078394784,0.0,0.0,0.0,0.0,0.0,124.30000000000001,169.5,203.4,237.3,271.2,3.494060097833683
206,206,206,1731007883.8,1912.8,21.0,156.0,0.0,0.0,147.4929203229943,111.31537924931057,0.0,0.0,0.0,0.0,0.0,0.0,0.0,0.0,4.0,596.2000000476837,1912.8,3.4129692832764507,0.0,0.0,1.0,214,318.04394071231593,0.0,0.0,156.0,0.0,0.0,0.0,142,146,160,167,180,192,111.31537924931057,0.0,0.0,0.0,0.0,0.0,124.30000000000001,169.5,203.4,237.3,271.2,3.4129692832764507
207,207,207,1731007886.8,1921.6,21.0,157.0,0.0,0.0,158.5956552072356,89.24275407603257,0.0,0.0,0.0,0.0,0.0,0.0,0.0,0.0,4.0,599.2000000476837,1921.6,3.170577045022194,0.0,0.0,1.0,215,254.97929736009306,0.0,0.0,157.0,0.0,0.0,0.0,142,146,160,167,180,192,89.24275407603257,0.0,0.0,0.0,0.0,0.0,124.30000000000001,169.5,203.4,237.3,271.2,3.170577045022194
208,208,208,1731007889.8,1930.0,20.0,157.0,0.0,0.0,173.90233247396768,71.11399936352687,0.0,0.0,0.0,0.0,0.0,0.0,0.0,0.0,4.0,602.2000000476837,1930.0,2.9394473838918285,0.0,0.0,1.0,216,213.34199809058063,0.0,0.0,157.0,0.0,0.0,0.0,142,146,160,167,180,192,71.11399936352687,0.0,0.0,0.0,0.0,0.0,124.30000000000001,169.5,203.4,237.3,271.2,2.9394473838918285
209,209,209,1731007893.3,1938.7,18.0,157.0,0.0,0.0,191.0428621669676,43.358600740433886,0.0,0.0,0.0,0.0,0.0,0.0,0.0,0.0,4.0,605.7000000476837,1938.7,2.4925224327018944,0.0,0.0,1.0,217,144.52866913477962,0.0,0.0,157.0,0.0,0.0,0.0,142,146,160,167,180,192,43.358600740433886,0.0,0.0,0.0,0.0,0.0,124.30000000000001,169.5,203.4,237.3,271.2,2.4925224327018944
210,210,210,1731007895.8,1944.7,18.0,156.0,0.0,0.0,201.7757658757561,43.358600740433886,0.0,0.0,0.0,0.0,0.0,0.0,0.0,0.0,4.0,608.2000000476837,1944.7,2.4925224327018944,0.0,0.0,1.0,218,144.52866913477962,0.0,0.0,156.0,0.0,0.0,0.0,142,146,160,167,180,192,43.358600740433886,0.0,0.0,0.0,0.0,0.0,124.30000000000001,169.5,203.4,237.3,271.2,2.4925224327018944
211,211,211,1731007898.8,1952.5,20.0,156.0,0.0,0.0,203.63477923600297,41.28728897969724,0.0,0.0,0.0,0.0,0.0,0.0,0.0,0.0,4.0,611.2000000476837,1952.5,2.4521824423737124,0.0,0.0,1.0,219,123.86186693909171,0.0,0.0,156.0,0.0,0.0,0.0,142,146,160,167,180,192,41.28728897969724,0.0,0.0,0.0,0.0,0.0,124.30000000000001,169.5,203.4,237.3,271.2,2.4521824423737124
212,212,212,1731007901.8,1960.3,20.0,153.0,0.0,0.0,195.77936718557064,46.98522538593195,0.0,0.0,0.0,0.0,0.0,0.0,0.0,0.0,4.0,614.2000000476837,1960.3,2.560163850486431,0.0,0.0,1.0,220,140.95567615779584,0.0,0.0,153.0,0.0,0.0,0.0,142,146,160,167,180,192,46.98522538593195,0.0,0.0,0.0,0.0,0.0,124.30000000000001,169.5,203.4,237.3,271.2,2.560163850486431
213,213,213,1731007904.8,1968.4,20.0,152.0,0.0,0.0,190.3289318715875,50.23055105354275,0.0,0.0,0.0,0.0,0.0,0.0,0.0,0.0,4.0,617.2000000476837,1968.4,2.6178010471204187,0.0,0.0,1.0,221,150.69165316062825,0.0,0.0,152.0,0.0,0.0,0.0,142,146,160,167,180,192,50.23055105354275,0.0,0.0,0.0,0.0,0.0,124.30000000000001,169.5,203.4,237.3,271.2,2.6178010471204187
214,214,214,1731007907.8,1976.3,21.0,152.0,0.0,0.0,186.6269218332598,54.21619247175119,0.0,0.0,0.0,0.0,0.0,0.0,0.0,0.0,4.0,620.2000000476837,1976.3,2.6852846401718584,0.0,0.0,1.0,222,154.90340706214624,0.0,0.0,152.0,0.0,0.0,0.0,142,146,160,167,180,192,54.21619247175119,0.0,0.0,0.0,0.0,0.0,124.30000000000001,169.5,203.4,237.3,271.2,2.6852846401718584
215,215,215,1731007910.8,1983.7,21.0,149.0,0.0,0.0,189.6448773773898,50.86704470565968,0.0,0.0,0.0,0.0,0.0,0.0,0.0,0.0,4.0,623.2000000476837,1983.7,2.6288117770767614,0.0,0.0,1.0,223,145.33441344474193,0.0,0.0,149.0,0.0,0.0,0.0,142,146,160,167,180,192,50.86704470565968,0.0,0.0,0.0,0.0,0.0,124.30000000000001,169.5,203.4,237.3,271.2,2.6288117770767614
216,216,216,1731007913.8,1990.4,20.0,147.0,0.0,0.0,204.85822627763315,40.86496734589744,0.0,0.0,0.0,0.0,0.0,0.0,0.0,0.0,4.0,626.2000000476837,1990.4,2.443792766373412,0.0,0.0,1.0,224,122.59490203769232,0.0,0.0,147.0,0.0,0.0,0.0,142,146,160,167,180,192,40.86496734589744,0.0,0.0,0.0,0.0,0.0,124.30000000000001,169.5,203.4,237.3,271.2,2.443792766373412
